Time,Coherence
0.0,0.0
0.01,0.01999866669333308
0.02,0.03998933418663416
0.03,0.059964006479444595
0.04,0.0799146939691727
0.05,0.09983341664682815
0.06,0.11971220728891936
0.07,0.1395431146442365
0.08,0.15931820661424598
0.09,0.17902957342582418
0.1,0.19866933079506122
0.11,0.21822962308086932
0.12,0.23770262642713458
0.13,0.2570805518921551
0.14,0.27635564856411376
0.15,0.29552020666133955
0.16,0.31456656061611776
0.17,0.3334870921408144
0.18,0.35227423327508994
0.19,0.3709204694129827
0.2,0.3894183423086505
0.21,0.40776045305957015
0.22,0.4259394650659996
0.23,0.4439481069655198
0.24,0.4617791755414829
0.25,0.479425538604203
0.26,0.49688013784373675
0.27,0.5141359916531132
0.28,0.5311861979208834
0.29,0.5480239367918736
0.3,0.5646424733950354
0.31,0.5810351605373051
0.32,0.5971954413623921
0.33,0.6131168519734338
0.34,0.6287930240184686
0.35000000000000003,0.6442176872376911
0.36,0.6593846719714731
0.37,0.674287911628145
0.38,0.6889214451105513
0.39,0.7032794192004103
0.4,0.7173560908995228
0.41000000000000003,0.7311458297268959
0.42,0.7446431199708593
0.43,0.757842562895277
0.44,0.7707388788989693
0.45,0.7833269096274834
0.46,0.795601620036366
0.47000000000000003,0.8075581004051143
0.48,0.8191915683009983
0.49,0.8304973704919705
0.5,0.8414709848078965
0.51,0.852108021949363
0.52,0.8624042272433384
0.53,0.8723554823449863
0.54,0.8819578068849475
0.55,0.8912073600614354
0.56,0.9001004421765051
0.5700000000000001,0.9086334961158833
0.58,0.9168031087717669
0.59,0.9246060124080203
0.6,0.9320390859672263
0.61,0.9390993563190676
0.62,0.945783999449539
0.63,0.9520903415905158
0.64,0.9580158602892249
0.65,0.963558185417193
0.66,0.9687151001182653
0.67,0.9734845416953194
0.68,0.9778646024353163
0.6900000000000001,0.9818535303723598
0.7000000000000001,0.9854497299884603
0.71,0.9886517628517197
0.72,0.9914583481916864
0.73,0.9938683634116449
0.74,0.99588084453764
0.75,0.9974949866040544
0.76,0.998710143975583
0.77,0.9995258306054791
0.78,0.9999417202299663
0.79,0.9999576464987401
0.8,0.9995736030415051
0.81,0.998789743470524
0.8200000000000001,0.9976063813191737
0.8300000000000001,0.9960239899165367
0.84,0.994043202198076
0.85,0.9916648104524686
0.86,0.9888897660047015
0.87,0.9857191788355535
0.88,0.9821543171376185
0.89,0.9781966068080447
0.9,0.9738476308781951
0.91,0.9691091288804563
0.92,0.9639829961524481
0.93,0.9584712830789142
0.9400000000000001,0.9525761942715953
0.9500000000000001,0.9463000876874145
0.96,0.9396454736853249
0.97,0.9326150140222005
0.98,0.9252115207881683
0.99,0.9174379552818098
1.0,0.9092974268256817
1.01,0.9007931915226273
1.02,0.8919286509533796
1.03,0.8827073508159741
1.04,0.8731329795075164
1.05,0.8632093666488737
1.06,0.8529404815528762
1.07,0.8423304316366457
1.08,0.8313834607786831
1.09,0.8201039476213741
1.1,0.8084964038195901
1.11,0.7965654722360865
1.12,0.7843159250844199
1.1300000000000001,0.7717526620201257
1.1400000000000001,0.7588807081809218
1.1500000000000001,0.74570521217672
1.16,0.7322314440302514
1.17,0.7184647930691263
1.18,0.7044107657701763
1.19,0.6900749835569364
1.2,0.6754631805511511
1.21,0.6605812012792007
1.22,0.6454349983343708
1.23,0.6300306299958922
1.24,0.6143742578057118
1.25,0.5984721441039564
1.26,0.5823306495240819
1.27,0.5659562304487028
1.28,0.5493554364271266
1.29,0.5325349075556212
1.3,0.5155013718214642
1.31,0.49826164241183857
1.32,0.48082261498864826
1.33,0.4631912649303452
1.34,0.44537464454187115
1.35,0.4273798802338298
1.36,0.4092141696720173
1.37,0.3908847788984522
1.3800000000000001,0.3723990394250553
1.3900000000000001,0.3537643453011427
1.4000000000000001,0.33498815015590466
1.41,0.3160779642170538
1.42,0.2970413513068324
1.43,0.2778859258165868
1.44,0.25861934966111083
1.45,0.23924932921398243
1.46,0.21978361222511694
1.47,0.20022998472177053
1.48,0.18059626789423291
1.49,0.16089031496745576
1.5,0.1411200080598672
1.51,0.12129325503062975
1.52,0.10141798631660187
1.53,0.08150215176026912
1.54,0.06155371742991315
1.55,0.04158066243329049
1.56,0.02159097572609596
1.57,0.0015926529164868282
1.58,-0.01840630693305381
1.59,-0.03839790450523538
1.6,-0.058374143427580086
1.61,-0.0783270334708653
1.62,-0.09824859374510868
1.6300000000000001,-0.11813085589181781
1.6400000000000001,-0.13796586727122728
1.6500000000000001,-0.15774569414324865
1.6600000000000001,-0.17746242484086058
1.67,-0.19710817293466984
1.68,-0.21667508038737962
1.69,-0.236155320696897
1.7,-0.2555411020268312
1.71,-0.274824670323124
1.72,-0.2939983124155676
1.73,-0.3130543591029702
1.74,-0.3319851882207341
1.75,-0.35078322768961984
1.76,-0.3694409585444771
1.77,-0.3879509179417303
1.78,-0.4063057021444168
1.79,-0.4244979694835826
1.8,-0.44252044329485246
1.81,-0.4603659148289983
1.82,-0.47802724613534286
1.83,-0.4954973729168449
1.84,-0.5127693073557238
1.85,-0.5298361409084934
1.86,-0.5466910470692872
1.87,-0.56332728410037
1.8800000000000001,-0.5797381977287431
1.8900000000000001,-0.5959172238077642
1.9000000000000001,-0.6118578909427193
1.9100000000000001,-0.6275538230792936
1.92,-0.6429987420539088
1.93,-0.6581864701049049
1.94,-0.6731109323435617
1.95,-0.6877661591839738
1.96,-0.7021462887308054
1.97,-0.7162455691239705
1.98,-0.7300583608392995
1.99,-0.7435791389442746
2.0,-0.7568024953079283
2.0100000000000002,-0.7697231407640244
2.02,-0.7823359072266528
2.0300000000000002,-0.7946357497573974
2.04,-0.8066177485832405
2.05,-0.8182771110644103
2.06,-0.8296091736113709
2.07,-0.8406094035501945
2.08,-0.8512734009355745
2.09,-0.8615969003107405
2.1,-0.8715757724135882
2.11,-0.8812060258283253
2.12,-0.8904838085819885
2.13,-0.8994054096851777
2.14,-0.9079672606164054
2.15,-0.9161659367494549
2.16,-0.9239981587231879
2.17,-0.9314607937532425
2.18,-0.9385508568851079
2.19,-0.9452655121880633
2.2,-0.9516020738895161
2.21,-0.9575580074492711
2.22,-0.9631309305733167
2.23,-0.9683186141667072
2.24,-0.9731189832251739
2.25,-0.977530117665097
2.2600000000000002,-0.9815502530915156
2.27,-0.9851777815038595
2.2800000000000002,-0.9884112519391306
2.29,-0.991249371052267
2.3000000000000003,-0.9936910036334645
2.31,-0.9957351730622453
2.32,-0.9973810616980933
2.33,-0.9986280112074989
2.34,-0.999475522827284
2.35,-0.9999232575641008
2.36,-0.9999710363300245
2.37,-0.9996188400141854
2.38,-0.9988668094904142
2.39,-0.9977152455608933
2.4,-0.9961646088358407
2.41,-0.9942155195492713
2.42,-0.9918687573109126
2.43,-0.9891252607943698
2.44,-0.9859861273616704
2.45,-0.9824526126243325
2.46,-0.9785261299411385
2.47,-0.9742082498528091
2.48,-0.9695006994538088
2.49,-0.9644053617015305
2.5,-0.9589242746631385
2.5100000000000002,-0.9530596307003675
2.52,-0.9468137755926089
2.5300000000000002,-0.9401892075986283
2.54,-0.9331885764572976
2.5500000000000003,-0.9258146823277321
2.56,-0.9180704746692671
2.57,-0.9099590510617106
2.58,-0.9014836559663548
2.59,-0.8926476794282346
2.6,-0.8834546557201531
2.61,-0.8739082619290224
2.62,-0.8640123164850744
2.63,-0.8537707776345433
2.64,-0.8431877418564168
2.65,-0.8322674422239013
2.66,-0.821014246711247
2.67,-0.8094326564466194
2.68,-0.7975273039117043
2.69,-0.7853029510887806
2.7,-0.7727644875559871
2.71,-0.759916928531561
2.72,-0.7467654128678124
2.73,-0.7333152009956565
2.74,-0.7195716728205075
2.75,-0.7055403255703919
2.7600000000000002,-0.6912267715971265
2.77,-0.6766367361314569
2.7800000000000002,-0.6617760549930369
2.79,-0.6466506722561834
2.8000000000000003,-0.631266637872321
2.81,-0.6156301052500863
2.82,-0.5997473287940438
2.83,-0.5836246614030073
2.84,-0.5672685519289686
2.85,-0.5506855425976376
2.86,-0.5338822663916443
2.87,-0.5168654443974288
2.88,-0.49964188311690244
2.89,-0.48221847174493154
2.9,-0.46460217941375737
2.91,-0.44680005240543
2.92,-0.4288192113333959
2.93,-0.41066684829434086
2.94,-0.39235022399145386
2.95,-0.373876664830236
2.96,-0.35525355998804264
2.97,-0.3364883584585042
2.98,-0.31758856607203484
2.99,-0.2985617424935936
3.0,-0.27941549819892586
3.0100000000000002,-0.26015749143046807
3.02,-0.2407954251341592
3.0300000000000002,-0.22133704387835867
3.04,-0.2017901307561289
3.0500000000000003,-0.18216250427209502
3.06,-0.1624620152151542
3.0700000000000003,-0.14269654351825772
3.08,-0.12287399510655005
3.09,-0.10300229873509785
3.1,-0.0830894028174964
3.11,-0.06314327224661277
3.12,-0.04317188520872868
3.13,-0.02318322999237945
3.14,-0.0031853017931379904
3.15,0.016813900484349713
3.16,0.03680637742582692
3.17,0.05678413230707805
3.18,0.07673917429251892
3.19,0.09666352163141724
3.2,0.11654920485049364
3.21,0.13638826994159764
3.22,0.1561727815432119
3.23,0.175894826114484
3.24,0.19554651510054427
3.25,0.21511998808781552
3.2600000000000002,0.2346074159480808
3.27,0.2540010039700231
3.2800000000000002,0.27329299497701326
3.29,0.2924756724298697
3.3000000000000003,0.3115413635133787
3.31,0.3304824422053109
3.3200000000000003,0.3492913323267357
3.33,0.36796051057238466
3.34,0.38648250951987934
3.35,0.4048499206165983
3.36,0.42305539714299684
3.37,0.44109165715120235
3.38,0.4589514863776903
3.39,0.4766277411288995
3.4,0.49411335113860816
3.41,0.5114013223959524
3.42,0.5284847399429308
3.43,0.545356770640302
3.44,0.562010665900743
3.45,0.5784397643882002
3.46,0.5946374946823286
3.47,0.6105973779069791
3.48,0.6263130303216559
3.49,0.6417781658749337
3.5,0.6569865987187891
3.5100000000000002,0.6719322456828621
3.52,0.6866091287076385
3.5300000000000002,0.7010113772355987
3.54,0.7151332305593578
3.5500000000000003,0.7289690401258765
3.56,0.7425132717958018
3.5700000000000003,0.7557605080570543
3.58,0.7687054501917558
3.59,0.78134292039565
3.6,0.7936678638491531
3.61,0.8056753507392133
3.62,0.8173605782311729
3.63,0.8287188723898353
3.64,0.8397456900489799
3.65,0.8504366206285644
3.66,0.8607873878989016
3.67,0.8707938516910911
3.68,0.8804520095530344
3.69,0.8897579983503596
3.7,0.8987080958116269
3.71,0.907298722017184
3.72,0.9155264408310896
3.73,0.9233879612755189
3.74,0.9308801388471136
3.75,0.9379999767747389
3.7600000000000002,0.9447446272181541
3.77,0.951111392407109
3.7800000000000002,0.9570977257204173
3.79,0.9627012327045701
3.8000000000000003,0.9679196720314865
3.81,0.9727509563950137
3.8200000000000003,0.977193153345823
3.83,0.9812444860643621
3.84,0.9849033340715608
3.85,0.9881682338770004
3.86,0.9910378795642898
3.87,0.9935111233134158
3.88,0.9955869758598548
3.89,0.9972646068902659
3.9,0.998543345374605
3.91,0.9994226798345279
3.92,0.9999022585479752
3.93,0.9999818896898556
3.94,0.9996615414087742
3.95,0.998941341839772
3.96,0.9978215790530743
3.97,0.9963027009388656
3.98,0.9943853150281404
3.99,0.992070188249698
4.0,0.9893582466233818
4.01,0.9862505748896837
4.0200000000000005,0.9827484160758618
4.03,0.9788531709987474
4.04,0.974566397704435
4.05,0.9698898108450863
4.0600000000000005,0.9648252809930908
4.07,0.9593748338928642
4.08,0.9535406496505743
4.09,0.94732506186213
4.1,0.9407305566797731
4.11,0.9337597718176507
4.12,0.9264154954967662
4.13,0.9187006653297247
4.14,0.9106183671457304
4.15,0.9021718337562934
4.16,0.893364443662152
4.17,0.8841997197019127
4.18,0.8746813276429652
4.19,0.8648130747152218
4.2,0.8545989080882804
4.21,0.8440429132926041
4.22,0.833149312585366
4.23,0.8219224632616022
4.24,0.8103668559113548
4.25,0.7984871126234903
4.26,0.7862879851369292
4.2700000000000005,0.7737743529400123
4.28,0.7609512213187744
4.29,0.7478237193548899
4.3,0.7343970978741134
4.3100000000000005,0.7206767273460168
4.32,0.706668095735878
4.33,0.6923768063095604
4.34,0.6778085753922868
4.3500000000000005,0.662969230082182
4.36,0.6478647059195176
4.37,0.6325010445125663
4.38,0.6168843911210448
4.39,0.6010209921980904
4.4,0.5849171928917617
4.41,0.5685794345070697
4.42,0.5520142519295329
4.43,0.5352282710113162
4.44,0.5182282059209752
4.45,0.5010208564578846
4.46,0.4836131053324
4.47,0.4660119154128711
4.48,0.4482243269405849
4.49,0.4302574547137687
4.5,0.4121184852417566
4.51,0.39381467387048763
4.5200000000000005,0.3753533418804611
4.53,0.3567418735583286
4.54,0.3379877132432676
4.55,0.3190983623493521
4.5600000000000005,0.30008137636508325
4.57,0.2809443618313018
4.58,0.2616949732986626
4.59,0.24234091026592378
4.6000000000000005,0.22288991410024592
4.61,0.20334976494075557
4.62,0.183728278586583
4.63,0.1640333033706535
4.64,0.14427271702045727
4.65,0.1244544235070617
4.66,0.10458634988363526
4.67,0.08467644311472142
4.68,0.06473266689756589
4.69,0.04476299847674028
4.7,0.024775425453357765
4.71,0.0047779425901285115
4.72,-0.015221451386431743
4.73,-0.03521475698538918
4.74,-0.05519397715107451
4.75,-0.0751511204618093
4.76,-0.09507820432636095
4.7700000000000005,-0.11496725817687632
4.78,-0.1348103266569955
4.79,-0.15459947280389894
4.8,-0.17432678122297965
4.8100000000000005,-0.19398436125389898
4.82,-0.2135643501267387
4.83,-0.2330589161070144
4.84,-0.2524602616282581
4.8500000000000005,-0.2717606264109442
4.86,-0.2909522905664908
4.87,-0.310027577685123
4.88,-0.32897885790632714
4.89,-0.347798550970695
4.9,-0.36647912925192844
4.91,-0.38501312076778266
4.92,-0.4033931121687696
4.93,-0.42161175170339216
4.94,-0.43966175215875003
4.95,-0.4575358937753214
4.96,-0.4752270271347798
4.97,-0.49272807601966023
4.98,-0.5100320402437544
4.99,-0.527131998452086
5.0,-0.5440211108893698
5.01,-0.5606926221358159
5.0200000000000005,-0.5771398638092111
5.03,-0.5933562572321768
5.04,-0.6093353160635608
5.05,-0.6250706488928821
5.0600000000000005,-0.6405559617968117
5.07,-0.6557850608566536
5.08,-0.6707518546358369
5.09,-0.6854503566164047
5.1000000000000005,-0.6998746875935437
5.11,-0.7140190780271818
5.12,-0.7278778703497366
5.13,-0.7414455212290604
5.14,-0.754716603785701
5.15,-0.7676858097635825
5.16,-0.7803479516532316
5.17,-0.79269796476672
5.18,-0.8047309092634671
5.19,-0.8164419721261122
5.2,-0.8278264690856537
5.21,-0.8388798464951
5.22,-0.8495976831508637
5.23,-0.8599756920611861
5.24,-0.8700097221608728
5.25,-0.8796957599716702
5.26,-0.8890299312075992
5.2700000000000005,-0.8980085023246204
5.28,-0.9066278820139979
5.29,-0.9148846226387806
5.3,-0.9227754216128066
5.3100000000000005,-0.9302971227216965
5.32,-0.9374467173852933
5.33,-0.9442213458610589
5.34,-0.9506182983879301
5.3500000000000005,-0.9566350162701884
5.36,-0.9622690929009016
5.37,-0.9675182747245378
5.38,-0.9723804621383559
5.39,-0.9768537103322188
5.4,-0.9809362300664916
5.41,-0.9846263883877127
5.42,-0.9879227092817555
5.43,-0.9908238742642129
5.44,-0.9933287229077736
5.45,-0.9954362533063774
5.46,-0.997145622475965
5.47,-0.99845614669166
5.48,-0.9993673017612495
5.49,-0.9998787232348542
5.5,-0.9999902065507035
5.51,-0.9997017071169574
5.5200000000000005,-0.9990133403295429
5.53,-0.997925381525997
5.54,-0.9964382658753349
5.55,-0.9945525882039892
5.5600000000000005,-0.992269102757886
5.57,-0.9895887229007582
5.58,-0.9865125207488105
5.59,-0.9830417267418882
5.6000000000000005,-0.979177729151317
5.61,-0.9749220735246146
5.62,-0.9702764620672901
5.63,-0.9652427529619856
5.64,-0.9598229596252282
5.65,-0.954019249902089
5.66,-0.9478339451990765
5.67,-0.9412695195556018
5.68,-0.9343285986543979
5.69,-0.92701395877128
5.7,-0.9193285256646757
5.71,-0.9112753734053557
5.72,-0.9028577231468499
5.73,-0.8940789418370271
5.74,-0.8849425408713638
5.75,-0.8754521746884285
5.76,-0.865611639308158
5.7700000000000005,-0.8554248708134978
5.78,-0.8448959437760261
5.79,-0.8340290696261731
5.8,-0.8228285949687089
5.8100000000000005,-0.8112989998441578
5.82,-0.7994448959368459
5.83,-0.7872710247302823
5.84,-0.7747822556106337
5.8500000000000005,-0.7619835839190321
5.86,-0.7488801289535096
5.87,-0.7354771319213411
5.88,-0.721779953842635
5.89,-0.7077940734059963
5.9,-0.6935250847771224
5.91,-0.6789786953612167
5.92,-0.6641607235200951
5.93,-0.6490770962449238
5.94,-0.6337338467854989
5.95,-0.6181371122370333
5.96,-0.6022931310853911
5.97,-0.5862082407117828
5.98,-0.569888874857894
5.99,-0.5533415610524803
6.0,-0.5365729180004349
6.01,-0.5195896529353996
6.0200000000000005,-0.5023985589369582
6.03,-0.48500651221350166
6.04,-0.467420469351827
6.05,-0.44964746453460147
6.0600000000000005,-0.43169460672678006
6.07,-0.4135690768321209
6.08,-0.39527812482090974
6.09,-0.37682906683007494
6.1000000000000005,-0.35822928223682704
6.11,-0.3394862107070128
6.12,-0.3206073492193382
6.13,-0.3016002490666836
6.140000000000001,-0.2824725128356836
6.15,-0.26323179136580094
6.16,-0.24388578068908245
6.17,-0.22444221895185537
6.18,-0.20490888331957058
6.19,-0.18529358686603822
6.2,-0.1656041754483094
6.21,-0.1458485245684275
6.22,-0.1260345362233393
6.23,-0.10617013574419806
6.24,-0.08626326862634386
6.25,-0.06632189735120068
6.26,-0.04635399820139722
6.2700000000000005,-0.026367558070356484
6.28,-0.006370571267652135
6.29,0.013628963678619457
6.3,0.033623047221136695
6.3100000000000005,0.05360368199306857
6.32,0.07356287600690768
6.33,0.09349264585116929
6.34,0.11338501988364243
6.3500000000000005,0.13323204141994396
6.36,0.15302577191607933
6.37,0.17275829414376465
6.38,0.1924217153572057
6.390000000000001,0.21200817045009426
6.4,0.23150982510153895
6.41,0.25091887890969955
6.42,0.2702275685118367
6.43,0.28942817068955534
6.44,0.3085130054579907
6.45,0.32747443913769303
6.46,0.34630488740800797
6.47,0.3649968183406966
6.48,0.38354275541260996
6.49,0.40193528049619187
6.5,0.4201670368266409
6.51,0.4382307319445118
6.5200000000000005,0.45611914061260495
6.53,0.4738251077059589
6.54,0.4913415510738144
6.55,0.5086614643723737
6.5600000000000005,0.525777919867248
6.57,0.5426840712044526
6.58,0.5593731561488667
6.59,0.5758384992890305
6.6000000000000005,0.5920735147072245
6.61,0.6080717086137423
6.62,0.6238266819443293
6.63,0.6393321329197168
6.640000000000001,0.6545818595662526
6.65,0.6695697621966024
6.66,0.6842898458495511
6.67,0.6987362226879031
6.68,0.7129031143535387
6.69,0.7267848542786822
6.7,0.7403758899524486
6.71,0.7536707851417809
6.72,0.7666642220658663
6.73,0.7793510035231799
6.74,0.7917260549702911
6.75,0.8037844265516209
6.76,0.8155212950793129
6.7700000000000005,0.8269319659624464
6.78,0.8380118750848066
6.79,0.8487565906304755
6.8,0.8591618148564958
6.8100000000000005,0.8692233858119126
6.82,0.8789372790024943
6.83,0.8882996090004825
6.84,0.8973066309987074
6.8500000000000005,0.9059547423084626
6.86,0.914240483800529
6.87,0.9221605412887859
6.88,0.9297117468558371
6.890000000000001,0.9368910801201381
6.9,0.9436956694441048
6.91,0.9501227930827351
6.92,0.9561698802722673
6.93,0.9618345122584524
6.94,0.9671144232640236
6.95,0.9720075013949759
6.96,0.9765117894852975
6.97,0.9806254858798086
6.98,0.9843469451548001
6.99,0.9876746787761803
7.0,0.9906073556948704
7.01,0.9931438028792043
7.0200000000000005,0.9952830057841275
7.03,0.9970241087570002
7.04,0.9983664153798475
7.05,0.9993093887479176
7.0600000000000005,0.9998526516844363
7.07,0.999995986891472
7.08,0.999739337036853
7.09,0.9990828047770997
7.1000000000000005,0.9980266527163616
7.11,0.9965713033013819
7.12,0.9947173386525218
7.13,0.9924655003309216
7.140000000000001,0.9898166890418858
7.15,0.9867719642746133
7.16,0.9833325438784152
7.17,0.9794998035755914
7.18,0.9752752764111607
7.19,0.9706606521396621
7.2,0.9656577765492774
7.21,0.9602686507235385
7.22,0.9544954302409214
7.23,0.9483404243126435
7.24,0.9418060948590115
7.25,0.934895055524683
7.26,0.927610070633246
7.2700000000000005,0.9199540540815242
7.28,0.9119300681740611
7.29,0.9035413223982337
7.3,0.8947911721405042
7.3100000000000005,0.8856831173443075
7.32,0.8762208011101247
7.33,0.866408008238286
7.34,0.8562486637151049
7.3500000000000005,0.8457468311429334
7.36,0.8349067111147797
7.37,0.8237326395341211
7.38,0.8122290858806044
7.390000000000001,0.800400651422311
7.4,0.7882520673753163
7.41,0.7757881930112588
7.42,0.7630140137137015
7.43,0.7499346389840432
7.44,0.7365553003977854
7.45,0.722881349511976
7.46,0.7089182557246514
7.47,0.6946716040871542
7.48,0.6801470930701855
7.49,0.665350532284497
7.5,0.6502878401571168
7.51,0.6349650415640629
7.5200000000000005,0.6193882654204694
7.53,0.6035637422291092
7.54,0.5874978015882668
7.55,0.5711968696599886
7.5600000000000005,0.5546674665997017
7.57,0.5379162039482439
7.58,0.5209497819873273
7.59,0.5037749870595203
7.6000000000000005,0.4863986888537981
7.61,0.4688278376577654
7.62,0.45106946157762406
7.63,0.433130663727031
7.640000000000001,0.415018619385944
7.65,0.39674057313061206
7.66,0.37830383593583167
7.67,0.3597157822506608
7.68,0.3409838470487362
7.69,0.32211552285438105
7.7,0.30311835674570226
7.71,0.2839999473358494
7.72,0.2647679417336776
7.73,0.24543003248500284
7.74,0.22599395449569257
7.75,0.2064674819377966
7.76,0.18685842513998854
7.7700000000000005,0.1671746274635352
7.78,0.1474239621650635
7.79,0.1276143292473524
7.8,0.10775365229944406
7.8100000000000005,0.0878498753273104
7.82,0.06791095957636362
7.83,0.04794488034705369
7.84,0.02795962380486148
7.8500000000000005,0.007963183785935567
7.86,-0.012036441400328576
7.87,-0.03203125217051633
7.88,-0.05201325086691355
7.890000000000001,-0.07197444495646654
7.9,-0.09190685022768164
7.91,-0.111802493984214
7.92,-0.13165341823383273
7.930000000000001,-0.15145168287151517
7.94,-0.1711893688553761
7.95,-0.19085858137418937
7.96,-0.21045145300520013
7.97,-0.22996014686099078
7.98,-0.24937685972413315
7.99,-0.2686938251683646
8.0,-0.2879033166650653
8.01,-0.30699765067375967
8.02,-0.325969189715432
8.03,-0.344810345427416
8.040000000000001,-0.3635135815986424
8.05,-0.3820714171840091
8.06,-0.4004764292967199
8.07,-0.4187212561773265
8.08,-0.4367986001383378
8.09,-0.4547012304831975
8.1,-0.47242198639846616
8.11,-0.48995377981805127
8.120000000000001,-0.5072895982583422
8.13,-0.5244225076230978
8.14,-0.541345654977011
8.15,-0.5580522712867794
8.16,-0.5745356741286307
8.17,-0.5907892703612041
8.18,-0.6068065587627183
8.19,-0.6225811326313736
8.2,-0.6381066823479475
8.21,-0.6533769978995606
8.22,-0.6683859713635882
8.23,-0.6831275993507646
8.24,-0.6975959854064473
8.25,-0.711785342369123
8.26,-0.725689994685196
8.27,-0.7393043806791324
8.28,-0.7526230547780575
8.290000000000001,-0.765640689689914
8.3,-0.7783520785342984
8.31,-0.7907521369251587
8.32,-0.8028359050044701
8.33,-0.8145985494261158
8.34,-0.8260353652891601
8.35,-0.8371417780197468
8.36,-0.8479133452008673
8.370000000000001,-0.8583457583492696
8.38,-0.8684348446387881
8.39,-0.8781765685694277
8.4,-0.8875670335815046
8.41,-0.896602483614218
8.42,-0.9052793046080263
8.43,-0.9135940259502211
8.44,-0.9215433218631272
8.45,-0.9291240127343684
8.46,-0.9363330663886722
8.47,-0.9431675993006936
8.48,-0.9496248777483951
8.49,-0.9557023189064934
8.5,-0.9613974918795568
8.51,-0.9667081186743308
8.52,-0.9716320751109048
8.53,-0.976167391672356
8.540000000000001,-0.9803122542925307
8.55,-0.9840650050816434
8.56,-0.9874241429894152
8.57,-0.990388324405471
8.58,-0.9929563636967662
8.59,-0.9951272336818244
8.6,-0.9969000660415961
8.61,-0.9982741516667748
8.620000000000001,-0.9992489409414315
8.63,-0.999824043962853
8.64,-0.999999230697499
8.65,-0.9997744310730111
8.66,-0.9991497350062422
8.67,-0.9981253923672896
8.68,-0.9967018128795512
8.69,-0.9948795659558413
8.700000000000001,-0.9926593804706327
8.71,-0.9900421444685181
8.72,-0.9870289048090022
8.73,-0.9836208667477725
8.74,-0.9798193934546138
8.75,-0.9756260054681576
8.76,-0.9710423800876874
8.77,-0.9660703507022413
8.78,-0.9607119060572806
8.790000000000001,-0.9549691894592173
8.8,-0.948844497918124
8.81,-0.9423402812289547
8.82,-0.9354591409916635
8.83,-0.9282038295705979
8.84,-0.9205772489935901
8.85,-0.9125824497911845
8.86,-0.9042226297764662
8.870000000000001,-0.8955011327659768
8.88,-0.8864214472422384
8.89,-0.8769872049583981
8.9,-0.8672021794855813
8.91,-0.857070284703512
8.92,-0.8465955732350126
8.93,-0.8357822348250097
8.94,-0.8246345946646914
8.950000000000001,-0.8131571116614864
8.96,-0.8013543766555692
8.97,-0.7892311105835723
8.98,-0.776792162590283
8.99,-0.7640425080890486
9.0,-0.7509872467716762
9.01,-0.7376316005686248
9.02,-0.7239809115603028
9.03,-0.7100406398403069
9.040000000000001,-0.6958163613314545
9.05,-0.6813137655554999
9.06,-0.6665386533573856
9.07,-0.6514969345849919
9.08,-0.6361946257252741
9.09,-0.6206378474977482
9.1,-0.6048328224062841
9.11,-0.5887858722501876
9.120000000000001,-0.5725034155955618
9.13,-0.5559919652079778
9.14,-0.5392581254474379
9.15,-0.5223085896267315
9.16,-0.5051501373341961
9.17,-0.4877896317219724
9.18,-0.470234016760835
9.19,-0.4524903144626965
9.200000000000001,-0.43456562207189353
9.21,-0.416467109226396
9.22,-0.39820201509002867
9.23,-0.3797776454569147
9.24,-0.36120136982925244
9.25,-0.34248061846961253
9.26,-0.3236228794289322
9.27,-0.3046356955513944
9.28,-0.2855266614573912
9.290000000000001,-0.26630342050577305
9.3,-0.2469736617366209
9.31,-0.22754511679571235
9.32,-0.20802555684197996
9.33,-0.1884227894391479
9.34,-0.16874465543281056
9.35,-0.1489990258141988
9.36,-0.1291937985718886
9.370000000000001,-0.10933689553270709
9.38,-0.08943625919312187
9.39,-0.06949984954232695
9.4,-0.04953564087836742
9.41,-0.029551618618522943
9.42,-0.009555776105247387
9.43,0.010443888591061618
9.44,0.03043937587118419
9.450000000000001,0.05042268780681477
9.46,0.07038583133961261
9.47,0.09032082147833985
9.48,0.11021968449273732
9.49,0.1300744611029139
9.5,0.14987720966295234
9.51,0.16962000933746174
9.52,0.18929496326980613
9.53,0.2088942017407418
9.540000000000001,0.22840988531620351
9.55,0.24783420798295983
9.56,0.267159400270935
9.57,0.2863777323608796
9.58,0.30548151717619876
9.59,0.32446311345768003
9.6,0.3433149288198954
9.61,0.36202942278805417
9.620000000000001,0.38059910981409556
9.63,0.3990165622707952
9.64,0.4172744134227364
9.65,0.4353653603728932
9.66,0.45328216698369495
9.67,0.4710176667713848
9.68,0.48856476577251795
9.69,0.5059164453814522
9.700000000000001,0.5230657651576994
9.71,0.5400058656019978
9.72,0.5567299709000376
9.73,0.5732313916326848
9.74,0.5895035274516621
9.75,0.605539869719601
9.76,0.6213340041134094
9.77,0.6368796131899154
9.78,0.6521704789127603
9.790000000000001,0.6672004851395332
9.8,0.6819636200681356
9.81,0.6964539786414377
9.82,0.7106657649092125
9.83,0.7245932943464407
9.84,0.7382309961270456
9.85,0.7515734153521483
9.86,0.7646152152319554
9.870000000000001,0.7773511792204056
9.88,0.7897762131017096
9.89,0.8018853470279821
9.9,0.8136737375071054
9.91,0.8251366693400644
9.92,0.8362695575069629
9.93,0.8470679490009708
9.94,0.857527524609467
9.950000000000001,0.8676441006416691
9.96,0.8774136306020465
9.97,0.8868322068088755
9.98,0.8958960619572527
9.99,0.9046015706259687
10.0,0.9129452507276277
10.01,0.9209237649014367
10.02,0.9285339218481049
10.03,0.9357726776063212
10.040000000000001,0.9426371367702988
10.05,0.9491245536478946
10.06,0.9552323333588566
10.07,0.9609580328727364
10.08,0.96629936198607
10.09,0.9712541842384289
10.1,0.9758205177669755
10.11,0.9799965360991822
10.120000000000001,0.9837805688833962
10.13,0.9871711025569554
10.14,0.9901667809515977
10.15,0.9927664058359071
10.16,0.9949689373945911
10.17,0.9967734946443929
10.18,0.9981793557864731
10.19,0.9991859584951193
10.200000000000001,0.9997929001426693
10.21,0.9999999379605563
10.22,0.999806989136414
10.23,0.9992141308471991
10.24,0.998221600228323
10.25,0.9968297942787993
10.26,0.9950392697024508
10.27,0.9928507426852348
10.28,0.9902650886087779
10.290000000000001,0.9872833417002357
10.3,0.9839066946186161
10.31,0.9801364979777302
10.32,0.9759742598059655
10.33,0.9714216449430951
10.34,0.9664804743743635
10.35,0.9611527245021165
10.36,0.9554405263552675
10.370000000000001,0.9493461647369125
10.38,0.9428720773104439
10.39,0.9360208536245113
10.4,0.9287952340772404
10.41,0.92119810882011
10.42,0.9132325166019293
10.43,0.904901643553379
10.44,0.8962088219126018
10.450000000000001,0.8871575286923494
10.46,0.8777513842892312
10.47,0.867994151035593
10.48,0.8578897316946416
10.49,0.8474421678993895
10.5,0.836655638536056
10.51,0.8255344580725679
10.52,0.8140830748328302
10.53,0.8023060692174555
10.540000000000001,0.7902081518716633
10.55,0.7777941618010928
10.56,0.7650690644362524
10.57,0.7520379496464225
10.58,0.7387060297037729
10.59,0.7250786371985243
10.6,0.7111612229059825
10.61,0.6969593536063015
10.620000000000001,0.6824787098578429
10.63,0.6677250837250385
10.64,0.6527043764616265
10.65,0.6374225961502389
10.66,0.6218858552992458
10.67,0.6061003683978339
10.68,0.5900724494302934
10.69,0.5738085093505084
10.700000000000001,0.5573150535176584
10.71,0.5405986790941727
10.72,0.5236660724069355
10.73,0.5065240062728569
10.74,0.48917933728983237
10.75,0.47163900309419615
10.76,0.4539100195857585
10.77,0.4359994781215394
10.78,0.4179145426793206
10.790000000000001,0.39966244699214637
10.8,0.3812504916549401
10.81,0.36268604120434406
10.82,0.34397652117301564
10.83,0.3251294151195105
10.84,0.30615226163495857
10.85,0.28705265132772845
10.86,0.2678382237872849
10.870000000000001,0.24851666452845167
10.88,0.22909570191732184
10.89,0.20958310407999373
10.9,0.18998667579543774
10.91,0.17031425537368547
10.92,0.15057371152061022
10.93,0.1307729401905494
10.94,0.11091986142802837
10.950000000000001,0.09102241619984433
10.96,0.07108856321879993
10.97,0.05112627576030288
10.98,0.0311435384731763
10.99,0.011148344185902088
11.0,-0.008851309290403876
11.01,-0.028847422361009564
11.02,-0.04883199684729801
11.03,-0.06879703918593216
11.040000000000001,-0.0887345636261771
11.05,-0.10863659542407976
11.06,-0.12849517403228142
11.07,-0.1483023562841163
11.08,-0.16805021957077595
11.09,-0.187730865010247
11.1,-0.20733642060675878
11.11,-0.2268590443994766
11.120000000000001,-0.246290927599185
11.13,-0.26562429771168555
11.14,-0.28485142164671146
11.15,-0.30396460881104703
11.16,-0.32295621418466564
11.17,-0.34181864137863577
11.18,-0.36054434567357563
11.19,-0.37912583703743985
11.200000000000001,-0.39755568312143613
11.21,-0.4158265122328524
11.22,-0.433931016283655
11.23,-0.45186195371361393
11.24,-0.4696121523868332
11.25,-0.4871745124605095
11.26,-0.5045420092247752
11.27,-0.5217076959124882
11.28,-0.538664706477846
11.290000000000001,-0.555406258342716
11.3,-0.5719256551095638
11.31,-0.5882162892399417
11.32,-0.6042716446974028
11.33,-0.6200852995538328
11.34,-0.6356509285581352
11.35,-0.6509623056662469
11.36,-0.6660133065314738
11.370000000000001,-0.6807979109541498
11.38,-0.695310205289626
11.39,-0.7095443848136653
11.4,-0.723494756044245
11.41,-0.7371557390188751
11.42,-0.7505218695265097
11.43,-0.7635878012931586
11.44,-0.7763483081203252
11.450000000000001,-0.7887982859754186
11.46,-0.8009327550332899
11.47,-0.8127468616681089
11.48,-0.8242358803947409
11.49,-0.8353952157588804
11.5,-0.8462204041751706
11.51,-0.8567071157125791
11.52,-0.8668511558263118
11.53,-0.8766484670355753
11.540000000000001,-0.8860951305465166
11.55,-0.8951873678196818
11.56,-0.9039215420813916
11.57,-0.9122941597783953
11.58,-0.9203018719752477
11.59,-0.9279414756938381
11.6,-0.9352099151945389
11.61,-0.9421042831984612
11.620000000000001,-0.9486218220503283
11.63,-0.9547599248214963
11.64,-0.9605161363526984
11.65,-0.9658881542360704
11.66,-0.970873829736085
11.67,-0.9754711686490171
11.68,-0.9796783321005984
11.69,-0.983493637281543
11.700000000000001,-0.9869155581206493
11.71,-0.9899427258952054
11.72,-0.9925739297784637
11.73,-0.9948081173239532
11.74,-0.9966443948864446
11.75,-0.9980820279793963
11.76,-0.999120441568739
11.77,-0.9997592203028827
11.78,-0.9999981086788503
11.790000000000001,-0.9998370111444767
11.8,-0.9992759921366277
11.81,-0.9983152760554262
11.82,-0.9969552471744957
11.83,-0.9951964494872546
11.84,-0.9930395864893278
11.85,-0.9904855208971565
11.86,-0.9875352743029239
11.870000000000001,-0.9841900267659308
11.88,-0.9804511163405908
11.89,-0.9763200385412218
11.9,-0.9717984457438633
11.91,-0.966888146525347
11.92,-0.9615911049398908
11.93,-0.9559094397335024
11.94,-0.9498454234965098
11.950000000000001,-0.9434014817545543
11.96,-0.9365801919984168
11.97,-0.9293842826530493
11.98,-0.9218166319862459
11.99,-0.9138802669573725
12.0,-0.9055783620066239
12.01,-0.8969142377852898
12.02,-0.8878913598275388
12.030000000000001,-0.8785133371642485
12.040000000000001,-0.8687839208794493
12.05,-0.8587070026099295
12.06,-0.8482866129886397
12.07,-0.837526920032492
12.08,-0.8264322274752078
12.09,-0.8150069730458831
12.1,-0.8032557266939548
12.11,-0.7911831887612825
12.120000000000001,-0.7787941881020719
12.13,-0.7660936801514068
12.14,-0.7530867449431273
12.15,-0.7397785850778934
12.16,-0.7261745236422112
12.17,-0.7122800020792701
12.18,-0.6981005780124373
12.19,-0.6836419230222832
12.200000000000001,-0.6689098203780216
12.21,-0.6539101627242901
12.22,-0.6386489497241549
12.23,-0.6231322856593358
12.24,-0.6073663769885725
12.25,-0.5913575298651244
12.26,-0.5751121476143921
12.27,-0.5586367281726737
12.280000000000001,-0.5419378614880738
12.290000000000001,-0.5250222268846233
12.3,-0.5078965903906221
12.31,-0.49056780203232886
12.32,-0.4730427930940395
12.33,-0.4553285733456657
12.34,-0.4374322282389203
12.35,-0.41936091607323134
12.36,-0.40112186513251735
12.370000000000001,-0.38272237079396737
12.38,-0.36416979260999993
12.39,-0.345471551364521
12.4,-0.32663512610472223
12.41,-0.3076680511495585
12.42,-0.2885779130761209
12.43,-0.26937234768510715
12.44,-0.2500590369466027
12.450000000000001,-0.23064570592739222
12.46,-0.21114011970104932
12.47,-0.19155008024199002
12.48,-0.17188342330480097
12.49,-0.15214801529003844
12.5,-0.13235175009777303
12.51,-0.112502545970135
12.52,-0.09260834232412285
12.530000000000001,-0.07267709657593895
12.540000000000001,-0.052716780958143236
12.55,-0.03273537933084532
12.56,-0.012740883988280967
12.57,0.00725870753800251
12.58,0.027255395678052262
12.59,0.04724118202323122
12.6,0.06720807252547492
12.61,0.08714808069480412
12.620000000000001,0.10705323079381784
12.63,0.12691556102786788
12.64,0.1467271267296917
12.65,0.16648000353715925
12.66,0.1861662905629157
12.67,0.20577811355463113
12.68,0.22530762804459628
12.69,0.24474702248740526
12.700000000000001,0.26408852138447286
12.71,0.2833243883941165
12.72,0.3024469294260107
12.73,0.32144849571870643
12.74,0.3403214868990375
12.75,0.3590583540221683
12.76,0.3776516025910711
12.77,0.396093795554225
12.780000000000001,0.41437755628034073
12.790000000000001,0.43249557150890144
12.8,0.4504405942753893
12.81,0.46820544680996157
12.82,0.4857830234084659
12.83,0.5031662932746275
12.84,0.5203483033322737
12.85,0.5373221810064719
12.86,0.5540811369724676
12.870000000000001,0.5706184678713274
12.88,0.5869275589911804
12.89,0.6030018869130335
12.9,0.6188350221200393
12.91,0.6344206315692207
12.92,0.6497524812246034
12.93,0.6648244385507471
12.94,0.6796304749656783
12.950000000000001,0.6941646682522445
12.96,0.7084212049269129
12.97,0.7223943825651005
12.98,0.7360786120820587
12.99,0.7494684199684349
13.0,0.7625584504796027
13.01,0.7753434677778892
13.02,0.7878183580268395
13.030000000000001,0.799978131436686
13.040000000000001,0.8118179242601885
13.05,0.8233330007380816
13.06,0.8345187549933064
13.07,0.8453707128733023
13.08,0.8558845337396082
13.09,0.8660560122040598
13.1,0.8758810798108894
13.11,0.8853558066640532
13.120000000000001,0.8944764029991398
13.13,0.903239220699218
13.14,0.9116407547540457
13.15,0.9196776446620198
13.16,0.9273466757743342
13.17,0.9346447805807963
13.18,0.9415690399367904
13.19,0.9481166842308962
13.200000000000001,0.954285094492698
13.21,0.9600718034403333
13.22,0.965474496467379
13.23,0.9704910125686596
13.24,0.9751193452046203
13.25,0.979357643103917
13.26,0.9832042110039001
13.27,0.9866575103286963
13.280000000000001,0.9897161598046197
13.290000000000001,0.99237893601266
13.3,0.9946447738778381
13.31,0.9965127670952186
13.32,0.9979821684924207
13.33,0.9990523903284775
13.34,0.9997230045289237
13.35,0.9999937428570207
13.36,0.9998644970210471
13.370000000000001,0.9993353187176137
13.38,0.9984064196109868
13.39,0.9970781712484235
13.4,0.9953511049115591
13.41,0.9932259114039014
13.42,0.9907034407745177
13.43,0.9877847019780271
13.44,0.9844708624710327
13.450000000000001,0.9807632477451521
13.46,0.9766633407968431
13.47,0.9721727815342197
13.48,0.9672933661211136
13.49,0.9620270462586319
13.5,0.956375928404503
13.51,0.9503422729305214
13.52,0.9439284932184289
13.530000000000001,0.9371371546945932
13.540000000000001,0.9299709738038765
13.55,0.9224328169230858
13.56,0.9145256992144661
13.57,0.9062527834196741
13.58,0.8976173785947236
13.59,0.8886229387864073
13.6,0.8792730616507243
13.61,0.8695714870138656
13.620000000000001,0.8595220953763314
13.63,0.8491289063607903
13.64,0.8383960771042727
13.65,0.8273279005953786
13.66,0.8159288039571381
13.67,0.8042033466762203
13.68,0.7921562187792004
13.69,0.779792238956611
13.700000000000001,0.7671163526355278
13.71,0.7541336300014744
13.72,0.7408492639704013
13.73,0.7272685681115987
13.74,0.7133969745223362
13.75,0.6992400316550977
13.76,0.6848034020982734
13.77,0.6700928603112
13.780000000000001,0.6551142903144518
13.790000000000001,0.6398736833363212
13.8,0.6243771354163914
13.81,0.6086308449672126
13.82,0.5926411102950166
13.83,0.5764143270804788
13.84,0.5599569858205307
13.85,0.5432756692322479
13.86,0.5263770496198512
13.870000000000001,0.5092678862058707
13.88,0.49195502242755873
13.89,0.4744453831995887
13.9,0.4567459721441928
13.91,0.43886386878980443
13.92,0.4208062257393404
13.93,0.40258026580925543
13.94,0.3841932791405121
13.950000000000001,0.365652620282618
13.96,0.34696570525191744
13.97,0.3281400085652639
13.98,0.30918306025032594
13.99,0.2901024428336737
14.0,0.27090578830786904
14.01,0.2516007750787702
14.02,0.23219512489427216
14.030000000000001,0.21269659975570668
14.040000000000001,0.1931129988131592
14.05,0.1734521552458921
14.06,0.15372193312919125
14.07,0.13393022428883716
14.08,0.11408494514448005
14.09,0.09419403354317746
14.1,0.07426544558436131
14.11,0.054307152437504155
14.120000000000001,0.03432713715375416
14.13,0.014333391472835277
14.14,-0.005666087373563407
14.15,-0.02566329986055949
14.16,-0.04565024736978412
14.17,-0.06561893538872268
14.18,-0.08556137670841324
14.19,-0.10546959461822357
14.200000000000001,-0.12533562609643265
14.21,-0.14515152499531903
14.22,-0.16490936521953514
14.23,-0.18460124389642565
14.24,-0.20421928453707472
14.25,-0.22375564018679642
14.26,-0.24320249656381218
14.27,-0.2625520751848591
14.280000000000001,-0.28179663647648323
14.290000000000001,-0.3009284828707517
14.3,-0.3199399618841981
14.31,-0.33882346917870015
14.32,-0.35757145160311676
14.33,-0.3761764102144479
14.34,-0.3946309032773119
14.35,-0.4129275492405401
14.36,-0.43105902968969945
14.370000000000001,-0.4490180922743631
14.38,-0.46679755360894193
14.39,-0.4843903021459616
14.4,-0.5017893010205742
14.41,-0.5189875908652133
14.42,-0.5359782925932486
14.43,-0.5527546101505285
14.44,-0.5693098332337115
14.450000000000001,-0.5856373399743005
14.46,-0.6017305995872906
14.47,-0.6175831749834134
14.48,-0.6331887253438755
14.49,-0.6485410086566037
14.5,-0.6636338842129675
14.51,-0.6784613150639799
14.52,-0.693017370434997
14.530000000000001,-0.7072962280979511
14.540000000000001,-0.721292176700154
14.55,-0.7349996180487777
14.56,-0.7484130693500461
14.57,-0.7615271654022824
14.58,-0.774336660741918
14.59,-0.7868364317416079
14.6,-0.7990214786596137
14.61,-0.8108869276396334
14.620000000000001,-0.8224280326602809
14.63,-0.833640177433423
14.64,-0.844518877250646
14.65,-0.8550597807770702
14.66,-0.8652586717918287
14.67,-0.875111470874499
14.68,-0.8846142370368169
14.69,-0.8937631692990192
14.700000000000001,-0.902554608210187
14.71,-0.9109850373119699
14.72,-0.9190510845451334
14.73,-0.9267495235983298
14.74,-0.9340772751985826
14.75,-0.9410314083429535
14.76,-0.9476091414709055
14.77,-0.9538078435768892
14.780000000000001,-0.9596250352627114
14.790000000000001,-0.9650583897292574
14.8,-0.9701057337071853
14.81,-0.9747650483262011
14.82,-0.9790344699225805
14.83,-0.9829122907846096
14.84,-0.9863969598356475
14.85,-0.9894870832545352
14.86,-0.9921814250331062
14.870000000000001,-0.9944789074705738
14.88,-0.9963786116045945
14.89,-0.9978797775788446
14.9,-0.9989818049469494
14.91,-0.9996842529126553
14.92,-0.9999868405061417
14.93,-0.9998894466964058
14.94,-0.9993921104396729
14.950000000000001,-0.9984950306638145
14.96,-0.9971985661887802
14.97,-0.995503235583074
14.98,-0.9934097169563341
14.99,-0.990918847688098
15.0,-0.9880316240928618
15.01,-0.9847492010215678
15.02,-0.9810728913996795
15.030000000000001,-0.977004165702028
15.040000000000001,-0.972544651364645
15.05,-0.9676961321338052
15.06,-0.962460547352555
15.07,-0.956839991185
15.08,-0.9508367117786675
15.09,-0.9444531103652772
15.1,-0.9376917403002811
15.11,-0.9305553060415548
15.120000000000001,-0.9230466620676491
15.13,-0.9151688117360425
15.14,-0.9069249060818295
15.15,-0.8983182425573547
15.16,-0.8893522637132738
15.17,-0.8800305558215797
15.18,-0.8703568474411413
15.19,-0.8603350079263298
15.200000000000001,-0.8499690458793262
15.21,-0.8392631075467423
15.22,-0.8282214751611653
15.23,-0.8168485652283296
15.24,-0.8051489267605715
15.25,-0.7931272394572851
15.26,-0.7807883118331047
15.27,-0.7681370792945631
15.280000000000001,-0.7551786021659925
15.290000000000001,-0.7419180636654715
15.3,-0.7283607678315934
15.31,-0.7145121374019301
15.32,-0.7003777116440074
15.33,-0.6859631441396722
15.34,-0.6712742005237343
15.35,-0.6563167561777904
15.36,-0.6410967938801487
15.370000000000001,-0.6256204014127955
15.38,-0.6098937691263742
15.39,-0.5939231874641107
15.4,-0.5777150444457317
15.41,-0.5612758231123391
15.42,-0.5446120989332794
15.43,-0.5277305371760443
15.44,-0.5106378902402522
15.450000000000001,-0.4933409949567752
15.46,-0.4758467698531108
15.47,-0.4581622123860442
15.48,-0.4402943961427712
15.49,-0.42225046801155486
15.5,-0.404037645323065
15.51,-0.3856632129635427
15.52,-0.36713452046094264
15.530000000000001,-0.34845897904521655
15.540000000000001,-0.3296440586839334
15.55,-0.3106972850943722
15.56,-0.2916262367333486
15.57,-0.2724385417659295
15.58,-0.2531418750142696
15.59,-0.23374395488778393
15.6,-0.2142525402958877
15.610000000000001,-0.19467542754453204
15.620000000000001,-0.17502044721779983
15.63,-0.15529546104575534
15.64,-0.1355083587598711
15.65,-0.11566705493723693
15.66,-0.09577948583483471
15.67,-0.07585360621514134
15.68,-0.05589738616432984
15.69,-0.03591880790434116
15.700000000000001,-0.015925862600098248
15.71,0.004073452836839154
15.72,0.024071138946953802
15.73,0.04405919692243391
15.74,0.06402963180659317
15.75,0.08397445569174683
15.76,0.10388569091426827
15.77,0.1237553732455481
15.780000000000001,0.14357555507758285
15.790000000000001,0.16333830860189827
15.8,0.183035728980588
15.81,0.20265993750812936
15.82,0.22220308476276393
15.83,0.24165735374616168
15.84,0.26101496301011606
15.85,0.2802681697690195
15.860000000000001,0.29940927299687786
15.870000000000001,0.3184306165076045
15.88,0.337324592017413
15.89,0.3560836421880158
15.9,0.374700263649462
15.91,0.3931670100013853
15.92,0.41147649479146503
15.93,0.4296213944699082
15.94,0.4475944513187724
15.950000000000001,0.4653884763549586
15.96,0.48299635220569664
15.97,0.5004110359554179
15.98,0.5176255619628152
15.99,0.5346330446470094
16.0,0.5514266812416906
16.01,0.5679997545161356
16.02,0.5843456354619975
16.03,0.6004577859448514
16.04,0.616329761319319
16.05,0.631955213006885
16.06,0.6473278910351998
16.07,0.6624416465380295
16.080000000000002,0.6772904342146815
16.09,0.691868314748061
16.1,0.7061694571803344
16.11,0.7201881412451977
16.12,0.7339187596559485
16.13,0.7473558203482852
16.14,0.7604939486770985
16.15,0.7733278895662206
16.16,0.7858525096104217
16.17,0.7980627991286724
16.18,0.8099538741679628
16.19,0.8215209784568311
16.2,0.8327594853077798
16.21,0.8436648994679209
16.22,0.8542328589169864
16.23,0.8644591366121085
16.240000000000002,0.8743396421785538
16.25,0.8838704235458307
16.26,0.8930476685284743
16.27,0.9018677063508469
16.28,0.9103270091154247
16.29,0.9184221932138851
16.3,0.9261500206805285
16.31,0.9335074004873996
16.32,0.9404913897806775
16.330000000000002,0.9470991950577611
16.34,0.9533281732846401
16.35,0.9591758329530804
16.36,0.964639835077178
16.37,0.9697179941289396
16.38,0.9744082789124487
16.39,0.9787088133763318
16.4,0.9826178773641395
16.41,0.9861339073024
16.42,0.9892554968260163
16.43,0.9919813973407985
16.44,0.9943105185228875
16.45,0.9962419287548636
16.46,0.997774855498387
16.47,0.9989086856031978
16.48,0.9996429655523726
16.490000000000002,0.9999774016437215
16.5,0.9999118601072672
16.51,0.9994463671587501
16.52,0.9985811089891439
16.53,0.9973164316901787
16.54,0.9956528411159132
16.55,0.9935910026803949
16.56,0.9911317410915087
16.57,0.9882760400210986
16.580000000000002,0.9850250417115182
16.59,0.9813800465187464
16.6,0.9773425123922587
16.61,0.9729140542918753
16.62,0.9680964435417879
16.63,0.9628916071220661
16.64,0.9573016268978772
16.65,0.9513287387867827
16.66,0.9449753318643853
16.67,0.9382439474087453
16.68,0.9311372778838967
16.69,0.9236581658628901
16.7,0.915809602890819
16.71,0.9075947282882207
16.72,0.8990168278954119
16.73,0.890079332758173
16.740000000000002,0.8807858177553969
16.75,0.8711400001691764
16.76,0.8611457381979297
16.77,0.8508070294131977
16.78,0.8401280091606392
16.79,0.8291129489059776
16.8,0.8177662545264418
16.81,0.806092464548504
16.82,0.7940962483324989
16.830000000000002,0.7817824042049696
16.84,0.769155857539389
16.85,0.756221658786063
16.86,0.742984981452048
16.87,0.729451120031782
16.88,0.7156254878893933
16.89,0.7015136150933898
16.9,0.6871211462047443
16.91,0.6724538380191049
16.92,0.6575175572641893
16.93,0.6423182782531572
16.94,0.6268620804949481
16.95,0.611155146262596
16.96,0.5952037581203601
16.97,0.5790142964108259
16.98,0.5625932367028094
16.990000000000002,0.5459471472012547
17.0,0.5290826861200238
17.01,0.5120065990186806
17.02,0.4947257161043997
17.03,0.4772469494999258
17.04,0.459577290478866
17.05,0.4417238066692238
17.06,0.42369363922649256
17.07,0.40549399997723745
17.080000000000002,0.38713216853450605
17.09,0.36861548938606076
17.1,0.3499513689566622
17.11,0.3311472726456436
17.12,0.3122107218407981
17.13,0.29314929090997727
17.14,0.2739706041713907
17.150000000000002,0.2546823328440282
17.16,0.23529219197925416
17.17,0.2158079373748689
17.18,0.19623736247294143
17.19,0.17658829524248112
17.2,0.15686859504841
17.21,0.1370861495078659
17.22,0.11724887133531664
17.23,0.09736469517752364
17.240000000000002,0.07744157443983825
17.25,0.057487478104924564
17.26,0.03751038754525131
17.27,0.01751829333069888
17.28,-0.0024808079676187983
17.29,-0.022478916975819323
17.3,-0.04246803471695152
17.31,-0.062440165810422756
17.32,-0.08238732167010135
17.330000000000002,-0.10230152369959487
17.34,-0.12217480648360363
17.35,-0.1419992209740017
17.36,-0.16176683766930083
17.37,-0.18146974978640165
17.38,-0.20110007642314537
17.39,-0.22064996571062537
17.400000000000002,-0.2401115979537814
17.41,-0.25947718875919434
17.42,-0.27873899214876013
17.43,-0.29788930365793
17.44,-0.3169204634174479
17.45,-0.3358248592171419
17.46,-0.35459492955076083
17.47,-0.3732231666404222
17.48,-0.39170211943967653
17.490000000000002,-0.4100243966137802
17.5,-0.428182669496151
17.51,-0.4461696750197559
17.52,-0.4639782186221962
17.53,-0.4816011771234877
17.54,-0.499031501575187
17.55,-0.516262220079927
17.56,-0.5332864405800335
17.57,-0.550097353614305
17.580000000000002,-0.5666882350416643
17.59,-0.5830524487307436
17.6,-0.5991834492142653
17.61,-0.6150747843071017
17.62,-0.6307200976871087
17.63,-0.6461131314375246
17.64,-0.6612477285500976
17.650000000000002,-0.6761178353877695
17.66,-0.6907175041060652
17.67,-0.7050408950321677
17.68,-0.7190822790006722
17.69,-0.7328360396452173
17.7,-0.7462966756449163
17.71,-0.7594588029248518
17.72,-0.772317156809595
17.73,-0.7848665941290438
17.740000000000002,-0.7971020952755893
17.75,-0.8090187662119065
17.76,-0.8206118404285161
17.77,-0.8318766808502956
17.78,-0.8428087816912802
17.79,-0.853403770256885
17.8,-0.863657408692956
17.81,-0.8735655956808248
17.82,-0.8831243680778108
17.830000000000002,-0.8923299025024001
17.84,-0.9011785168635587
17.85,-0.9096666718335282
17.86,-0.9177909722634886
17.87,-0.9255481685415964
17.88,-0.9329351578927624
17.89,-0.9399489856197436
17.900000000000002,-0.9465868462849627
17.91,-0.9528460848326553
17.92,-0.958724197650862
17.93,-0.9642188335728253
17.94,-0.9693277948174411
17.95,-0.9740490378683264
17.96,-0.9783806742912133
17.97,-0.9823209714892841
17.98,-0.9858683533961988
17.990000000000002,-0.989021401106491
18.0,-0.9917788534431158
18.01,-0.9941396074619059
18.02,-0.9961027188927286
18.03,-0.9976674025171873
18.04,-0.9988330324826934
18.05,-0.9995991425528029
18.06,-0.9999654262937021
18.07,-0.9999317371967783
18.080000000000002,-0.9994980887372212
18.09,-0.9986646543686329
18.1,-0.9974317674536479
18.11,-0.995799921130595
18.12,-0.9937697681162445
18.13,-0.9913421204447351
18.14,-0.9885179491427657
18.150000000000002,-0.9852983838412026
18.16,-0.9816847123232408
18.17,-0.9776783800093034
18.18,-0.9732809893789018
18.19,-0.9684942993296538
18.2,-0.9633202244737609
18.21,-0.9577608343721749
18.22,-0.9518183527068164
18.23,-0.945495156391115
18.240000000000002,-0.9387937746192913
18.25,-0.9317168878547055
18.26,-0.9242673267577016
18.27,-0.9164480710533974
18.28,-0.9082622483398137
18.29,-0.8997131328368989
18.3,-0.8908041440768614
18.31,-0.8815388455364266
18.32,-0.8719209432114685
18.330000000000002,-0.8619542841346832
18.34,-0.8516428548368183
18.35,-0.8409907797521016
18.36,-0.8300023195685488
18.37,-0.8186818695237146
18.38,-0.8070339576466877
18.39,-0.7950632429469073
18.400000000000002,-0.78277451355065
18.41,-0.7701726847858311
18.42,-0.7572627972159257
18.43,-0.7440500146238412
18.44,-0.730539621946437
18.45,-0.7167370231606575
18.46,-0.702647739121975
18.47,-0.6882774053561604
18.48,-0.673631769805108
18.490000000000002,-0.6587166905277706
18.5,-0.6435381333569995
18.51,-0.6281021695132742
18.52,-0.6124149731763331
18.53,-0.59648281901554
18.54,-0.5803120796801445
18.55,-0.5639092232502625
18.56,-0.5472808106497756
18.57,-0.530433493022003
18.580000000000002,-0.5133740090693739
18.59,-0.4961091823580187
18.6,-0.478645918588415
18.61,-0.46099120283324263
18.62,-0.4431520967433981
18.63,-0.4251357357234784
18.64,-0.4069493260776638
18.650000000000002,-0.3886001421273368
18.66,-0.37009552330143153
18.67,-0.3514428712007403
18.68,-0.33264964663741786
18.69,-0.3137233666507033
18.7,-0.2946716015002576
18.71,-0.2755019716381073
18.72,-0.2562221446606193
18.73,-0.23683983224150987
18.740000000000002,-0.21736278704732614
18.75,-0.19779879963646227
18.76,-0.178155695343019
18.77,-0.15844133114682313
18.78,-0.13866359253068444
18.79,-0.11883039032636375
18.8,-0.09894965755028955
18.81,-0.07902934623051347
18.82,-0.05907742422594868
18.830000000000002,-0.039101872039381994
18.84,-0.01911067962535799
18.85,0.0008881568057175921
18.86,0.020886637985905718
18.87,0.040876764789391375
18.88,0.06085054143197044
18.89,0.08079997866931354
18.900000000000002,0.10071709699250761
18.91,0.1205939298197743
18.92,0.1404225266830178
18.93,0.16019495640785641
18.94,0.1799033102860432
18.95,0.1995397052387874
18.96,0.21909628696993697
18.97,0.23856523310753652
18.98,0.25793875633272734
18.990000000000002,0.27720910749452254
19.0,0.2963685787093853
19.01,0.3154095064442995
19.02,0.3343242745820332
19.03,0.35310531746753837
19.04,0.371745122934058
19.05,0.39023623530794616
19.06,0.408571258390785
19.07,0.4267428584178182
19.080000000000002,0.4447437669913132
19.09,0.46256678398784307
19.1,0.480204780438259
19.11,0.4976507013791384
19.12,0.5148975686747266
19.13,0.5319384838080482
19.14,0.5487666306402712
19.150000000000002,0.5653752781370287
19.16,0.5817577830607622
19.17,0.5979075926279442
19.18,0.6138182471300643
19.19,0.6294833825174722
19.2,0.6448967329448674
19.21,0.6600521332775985
19.22,0.674943521557591
19.23,0.6895649414280928
19.240000000000002,0.7039105445160998
19.25,0.7179745927716441
19.26,0.7317514607629517
19.27,0.7452356379265054
19.28,0.7584217307712358
19.29,0.7713044650358081
19.3,0.783878687798293
19.31,0.7961393695372306
19.32,0.8080816061434077
19.330000000000002,0.8197006208814052
19.34,0.8309917663002419
19.35,0.8419505260923049
19.36,0.8525725168997845
19.37,0.8628534900679901
19.38,0.8727893333447245
19.39,0.8823760725251606
19.400000000000002,0.8916098730414439
19.41,0.9004870414964805
19.42,0.9090040271412555
19.43,0.9171574232950631
19.44,0.9249439687081581
19.45,0.932360548866189
19.46,0.9394041972359842
19.47,0.9460720964521049
19.48,0.9523615794437735
19.490000000000002,0.9582701305016497
19.5,0.9637953862840878
19.51,0.9689351367624479
19.52,0.9736873261050644
19.53,0.978050053499565
19.54,0.9820215739131577
19.55,0.985600298790633
19.56,0.9887847966897529
19.57,0.9915737938538196
19.580000000000002,0.9939661747211522
19.59,0.9959609823713013
19.6,0.9975574189078051
19.61,0.9987548457773336
19.62,0.9995527840251053
19.63,0.9999509144864596
19.64,0.9999490779145203
19.650000000000002,0.9995472750438917
19.66,0.9987456665903652
19.67,0.9975445731866335
19.68,0.9959444752540446
19.69,0.9939460128104362
19.7,0.9915499852141411
19.71,0.9887573508442495
19.72,0.9855692267172771
19.73,0.9819868880403643
19.740000000000002,0.9780117677012192
19.75,0.9736454556949781
19.76,0.9688896984882237
19.77,0.963746398320433
19.78,0.9582176124430928
19.79,0.9523055522968419
19.8,0.9460125826269081
19.81,0.9393412205372589
19.82,0.9322941344837749
19.830000000000002,0.9248741432069201
19.84,0.9170842146042759
19.85,0.9089274645434138
19.86,0.9004071556156086
19.87,0.8915266958308227
19.88,0.8822896372545718
19.89,0.8726996745871207
19.900000000000002,0.8627606436856753
19.91,0.8524765200300809
19.92,0.841851417132673
19.93,0.8308895848929517
19.94,0.8195954078976494
19.95,0.8079734036669851
19.96,0.796028220847685
19.97,0.7837646373536182
19.98,0.7711875584546615
19.990000000000002,0.7583020148146864
20.0,0.7451131604793488
20.01,0.7316262708145244
20.02,0.717846740396266
20.03,0.7037800808530064
20.04,0.6894319186610198
20.05,0.6748079928938668
20.06,0.6599141529268815
20.07,0.6447563560974581
20.080000000000002,0.6293406653222324
20.09,0.6136732466719804
20.1,0.5977603669052548
20.11,0.5816083909618048
20.12,0.5652237794166395
20.13,0.5486130858959299
20.14,0.5317829544555998
20.150000000000002,0.514740116923832
20.16,0.49749139020841093
20.17,0.48004367357003047
20.18,0.46240394586272515
20.19,0.4445792627423722
20.2,0.42657675384457316
20.21,0.4084036199328441
20.22,0.39006713001845733
20.23,0.3715746184528824
20.240000000000002,0.3529334819941885
20.25,0.33415117684842055
20.26,0.31523521568719615
20.27,0.29619316464278383
20.28,0.2770326402816971
20.29,0.2577613065582239
20.3,0.23838687174889206
20.31,0.21891708536931684
20.32,0.1993597350744425
20.330000000000002,0.17972264354363274
20.34,0.16001366535168246
20.35,0.1402406838270716
20.36,0.12041160789878783
20.37,0.10053436893280417
20.38,0.08061691755969483
20.39,0.06066722049443244
20.400000000000002,0.04069325734985776
20.41,0.02070301744491976
20.42,0.0007044966090332485
20.43,-0.01929430601609661
20.44,-0.03928539117608112
20.45,-0.05926076270338633
20.46,-0.07921243071575024
20.47,-0.09913241481197244
20.48,-0.11901274726402482
20.490000000000002,-0.13884547620398704
20.5,-0.158622668804709
20.51,-0.17833641445285678
20.52,-0.19797882791300359
20.53,-0.21754205248167469
20.54,-0.23701826312986818
20.55,-0.256399669633018
20.56,-0.2756785196869245
20.57,-0.29484710200862757
20.580000000000002,-0.3138977494207695
20.59,-0.33282284191838385
20.6,-0.3516148097168163
20.61,-0.37026613627949034
20.62,-0.38876936132447515
20.63,-0.407117083808446
20.64,-0.4253019648870554
20.650000000000002,-0.4433167308503272
20.66,-0.46115417603206343
20.67,-0.47880716569203347
20.68,-0.49626863886973094
20.69,-0.5135316112087136
20.7,-0.5305891777502036
20.71,-0.5474345156950275
20.72,-0.5640608871325972
20.73,-0.5804616417360311
20.740000000000002,-0.596630219422156
20.75,-0.6125601529754697
20.76,-0.6282450706349588
20.77,-0.6436786986426777
20.78,-0.658854863753213
20.79,-0.6737674957028562
20.8,-0.6884106296376704
20.81,-0.7027784084993103
20.82,-0.7168650853678095
20.830000000000002,-0.7306650257602351
20.84,-0.7441727098844222
20.85,-0.7573827348468307
20.86,-0.7702898168135979
20.87,-0.7828887931240379
20.88,-0.7951746243556022
20.89,-0.8071423963396153
20.900000000000002,-0.8187873221268477
20.91,-0.830104743902244
20.92,-0.8410901348479991
20.93,-0.8517391009541967
20.94,-0.8620473827763864
20.95,-0.8720108571392737
20.96,-0.8816255387859653
20.97,-0.8908875819719896
20.98,-0.8997932820035709
20.990000000000002,-0.9083390767194346
21.0,-0.9165215479156338
21.01,-0.924337422712794
21.02,-0.9317835748652009
21.03,-0.9388570260112797
21.04,-0.9455549468648784
21.05,-0.9518746583469646
21.06,-0.9578136326572028
21.07,-0.9633694942850582
21.080000000000002,-0.968540020959955
21.09,-0.9733231445401607
21.1,-0.9777169518400208
21.11,-0.9817196853951958
21.12,-0.9853297441656353
21.13,-0.9885456841759621
21.14,-0.991366219093053
21.150000000000002,-0.9937902207405466
21.16,-0.9958167195501026
21.17,-0.9974449049492187
21.18,-0.9986741256854427
21.19,-0.9995038900868702
21.2,-0.9999338662588036
21.21,-0.9999638822165076
21.22,-0.9995939259539989
21.23,-0.9988241454488497
21.240000000000002,-0.9976548486029986
21.25,-0.996086503119594
21.26,-0.9941197363159173
21.27,-0.9917553348724681
21.28,-0.9889942445182972
21.29,-0.9858375696527342
21.3,-0.9822865729036345
21.31,-0.9783426746223545
21.32,-0.974007452315619
21.330000000000002,-0.9692826400145501
21.34,-0.9641701275810733
21.35,-0.9586719599519926
21.36,-0.9527903363210555
21.37,-0.9465276092592896
21.38,-0.9398862837740221
21.39,-0.9328690163068926
21.400000000000002,-0.925478613671328
21.41,-0.9177180319298478
21.42,-0.9095903752116702
21.43,-0.9010988944711209
21.44,-0.8922469861872717
21.45,-0.8830381910054188
21.46,-0.873476192320846
21.47,-0.8635648148055421
21.48,-0.8533080228783565
21.490000000000002,-0.8427099191193081
21.5,-0.8317747426285983
21.51,-0.8205068673310151
21.52,-0.8089108002264492
21.53,-0.7969911795871223
21.54,-0.784752773102372
21.55,-0.7722004759716072
21.56,-0.7593393089463275
21.57,-0.7461744163218537
21.580000000000002,-0.7327110638797106
21.59,-0.7189546367813711
21.6,-0.7049106374142481
21.61,-0.6905846831908476
21.62,-0.6759825043018387
21.63,-0.6611099414240942
21.64,-0.6459729433844564
21.650000000000002,-0.6305775647803226
21.66,-0.6149299635578708
21.67,-0.5990363985489472
21.68,-0.5829032269676551
21.69,-0.5665369018675097
21.7,-0.5499439695603477
21.71,-0.5331310669978442
21.72,-0.5161049191168671
21.73,-0.4988723361495442
21.740000000000002,-0.48144021089930394
21.75,-0.4638155159838274
21.76,-0.4460053010460755
21.77,-0.42801668993456954
21.78,-0.4098568778538965
21.79,-0.3915331284867739
21.8,-0.3730527710886221
21.81,-0.35442319755601215
21.82,-0.33565185946995274
21.830000000000002,-0.3167462651154038
21.84,-0.29771397647804265
21.85,-0.27856260621955026
21.86,-0.25929981463269547
21.87,-0.23993330657726547
21.88,-0.22047082839827958
21.89,-0.2009201648274993
21.900000000000002,-0.1812891358696878
21.91,-0.1615855936746917
21.92,-0.14181741939666453
21.93,-0.12199252004175946
21.94,-0.10211882530537589
21.95,-0.0822042844004434
21.96,-0.06225686287778618
21.97,-0.042284539440065376
21.98,-0.022295302750347787
21.990000000000002,-0.0022971482367967937
22.0,0.017701925105413577
22.01,0.03769391791361141
22.02,0.057670833657215564
22.03,0.07762468183629813
22.04,0.09754748117762105
22.05,0.11743126282709573
22.06,0.1372680735371618
22.07,0.15704997884803665
22.080000000000002,0.17676906626134406
22.09,0.1964174484050294
22.1,0.2159872661882241
22.11,0.23547069194472836
22.12,0.254859932564029
22.13,0.2741472326083843
22.14,0.29332487741495084
22.150000000000002,0.3123851961814975
22.16,0.3313205650346453
22.17,0.35012341007933456
22.18,0.3687862104282353
22.19,0.3873015012100553
22.2,0.40566187655533587
22.21,0.42385999255875373
22.22,0.4418885702165328
22.23,0.4597403983380008
22.240000000000002,0.47740833642992375
22.25,0.4948853175526281
22.26,0.5121643511467004
22.27,0.529238525829075
22.28,0.5461010121575437
22.29,0.5627450653623931
22.3,0.5791640280442708
22.31,0.5953513328370093
22.32,0.6113005050345305
22.330000000000002,0.6270051651806026
22.34,0.6424590316205543
22.35,0.6576559230138694
22.36,0.6725897608066024
22.37,0.6872545716627619
22.38,0.7016444898535232
22.39,0.7157537596034835
22.400000000000002,0.7295767373928583
22.41,0.7431078942148314
22.42,0.7563418177870964
22.43,0.7692732147166651
22.44,0.7818969126171911
22.45,0.7942078621778189
22.46,0.806201139182877
22.47,0.8178719464814629
22.48,0.8292156159062742
22.490000000000002,0.8402276101407836
22.5,0.8509035245341184
22.51,0.8612390888628724
22.52,0.8712301690391122
22.53,0.8808727687639875
22.54,0.8901630311261672
22.55,0.899097240144582
22.56,0.9076718222547393
22.57,0.9158833477381272
22.580000000000002,0.9237285320940349
22.59,0.9312042373533186
22.6,0.9383074733335544
22.61,0.9450353988350538
22.62,0.9513853227773257
22.63,0.9573547052754529
22.64,0.9629411586560311
22.650000000000002,0.9681424484121911
22.66,0.9729564940973784
22.67,0.9773813701575086
22.68,0.9814153067011522
22.69,0.9850566902074797
22.7,0.988304064171637
22.71,0.9911561296873386
22.72,0.9936117459664031
22.73,0.9956699307950619
22.740000000000002,0.9973298609268247
22.75,0.9985908724117705
22.76,0.9994524608621193
22.77,0.9999142816539781
22.78,0.9999761500651883
22.79,0.9996380413492099
22.8,0.9989000907450211
22.81,0.997762593423025
22.82,0.9962260043669832
22.830000000000002,0.9942909381920306
22.84,0.9919581688988378
22.85,0.9892286295640171
22.86,0.9861034119669111
22.87,0.9825837661528873
22.88,0.978671099933346
22.89,0.9743669783226039
22.900000000000002,0.969673122911919
22.91,0.9645914111808738
22.92,0.9591238757464017
22.93,0.9532727035497809
22.94,0.9470402349818713
22.95,0.940428962947006
22.96,0.9334415318658451
22.97,0.9260807366176617
22.98,0.918349521422407
22.990000000000002,0.9102509786630802
23.0,0.9017883476488092
23.01,0.8929650133191598
23.02,0.8837845048902274
23.03,0.8742504944429719
23.04,0.8643667954544605
23.05,0.8541373612725007
23.06,0.843566283534382
23.07,0.8326577905302461
23.080000000000002,0.8214162455118539
23.09,0.8098461449473316
23.1,0.7979521167226309
23.11,0.785738918290465
23.12,0.7732114347673579
23.13,0.7603746769796966
23.14,0.7472337794594327
23.150000000000002,0.7337939983903693
23.16,0.7200607095057439
23.17,0.7060394059379929
23.18,0.6917356960216048
23.19,0.6771553010498227
23.2,0.6623040529862428
23.21,0.6471878921320662
23.22,0.6318128647500989
23.23,0.6161851206462854
23.240000000000002,0.6003109107099053
23.25,0.5841965844132856
23.26,0.5678485872720789
23.27,0.5512734582671827
23.28,0.5344778272291885
23.29,0.5174684121865847
23.3,0.500252016678587
23.31,0.4828355270338619
23.32,0.4652259096160383
23.330000000000002,0.44743020803729766
23.34,0.429455540341005
23.35,0.4113090961545671
23.36,0.392998133813722
23.37,0.3745299774592501
23.38,0.3559120141074676
23.39,0.3371516906954657
23.400000000000002,0.3182565111024815
23.41,0.2992340331484266
23.42,0.2800918655708395
23.43,0.26083766498153926
23.44,0.24147913280402875
23.45,0.22202401219308238
23.46,0.20248008493753253
23.47,0.1828551683477131
23.48,0.163157112128584
23.490000000000002,0.1433937952400026
23.5,0.123573122745224
23.51,0.10370302264895995
23.52,0.08379144272633192
23.53,0.0638463473438106
23.54,0.04387571427363214
23.55,0.023887531502738858
23.56,0.0038897940377477518
23.57,-0.016109499293002327
23.580000000000002,-0.036102349038825664
23.59,-0.05608075832638461
23.6,-0.07603673605835357
23.61,-0.09596230010970173
23.62,-0.11584948052049336
23.63,-0.1356903226837089
23.64,-0.15547689052703814
23.650000000000002,-0.17520126968715413
23.66,-0.19485557067537407
23.67,-0.21443193203337044
23.68,-0.23392252347760084
23.69,-0.2533195490313725
23.7,-0.27261525014307375
23.71,-0.2918019087895461
23.72,-0.31087185056313604
23.73,-0.3298174477414103
23.740000000000002,-0.34863112233809523
23.75,-0.36730534913419133
23.76,-0.38583265868797967
23.77,-0.4042056403226531
23.78,-0.42241694509054073
23.79,-0.4404592887125365
23.8,-0.45832545449176587
23.81,-0.4760082962001168
23.82,-0.4935007409366866
23.830000000000002,-0.5107957919568038
23.84,-0.5278865314706519
23.85,-0.5447661234103112
23.86,-0.5614278161640517
23.87,-0.5778649452769369
23.88,-0.5940709361164688
23.89,-0.6100393065024
23.900000000000002,-0.6257636692994791
23.91,-0.6412377349722373
23.92,-0.6564553141007345
23.93,-0.6714103198562069
23.94,-0.6860967704357603
23.95,-0.7005087914549692
23.96,-0.714640618297594
23.97,-0.7284865984213091
23.98,-0.7420411936186859
23.990000000000002,-0.7552989822323657
24.0,-0.7682546613236668
24.01,-0.7809030487937019
24.02,-0.7932390854561169
24.03,-0.8052578370607338
24.04,-0.8169544962671503
24.05,-0.8283243845676455
24.060000000000002,-0.8393629541584914
24.07,-0.8500657897590268
24.080000000000002,-0.8604286103777218
24.09,-0.8704472710244906
24.1,-0.880117764368662
24.11,-0.8894362223418296
24.12,-0.8983989176850553
24.13,-0.9070022654396963
24.14,-0.9152428243813668
24.150000000000002,-0.9231172983963596
24.16,-0.9306225378000577
24.17,-0.9377555405967734
24.18,-0.9445134536804884
24.19,-0.9508935739760784
24.2,-0.9568933495204878
24.21,-0.9625103804834988
24.22,-0.9677424201276152
24.23,-0.9725873757067427
24.240000000000002,-0.977043309303246
24.25,-0.981108438603097
24.26,-0.9847811376087796
24.27,-0.9880599372896575
24.28,-0.9909435261695775
24.29,-0.993430750851433
24.3,-0.9955206164785154
24.310000000000002,-0.9972122871324376
24.32,-0.9985050861674928
24.330000000000002,-0.999398496481305
24.34,-0.9998921607216601
24.35,-0.9999858814294444
24.36,-0.9996796211176243
24.37,-0.9989735022862408
24.38,-0.9978678073734124
24.39,-0.9963629786423608
24.400000000000002,-0.9944596180045147
24.41,-0.9921584867787523
24.42,-0.989460505386881
24.43,-0.9863667529854869
24.44,-0.9828784670342787
24.45,-0.9789970428011298
24.46,-0.9747240328039787
24.47,-0.9700611461898548
24.48,-0.9650102480512294
24.490000000000002,-0.9595733586800151
24.5,-0.9537526527594719
24.51,-0.947550458494355
24.52,-0.9409692566796805
24.53,-0.934011679708421
24.54,-0.9266805105186039
24.55,-0.918978681480152
24.560000000000002,-0.9109092732219937
24.57,-0.9024755133998446
24.580000000000002,-0.8936807754051789
24.59,-0.884528577015939
24.6,-0.8750225789894467
24.61,-0.8651665835981741
24.62,-0.8549645331088594
24.63,-0.84442050820568
24.64,-0.8335387263580045
24.650000000000002,-0.8223235401334872
24.66,-0.8107794354570883
24.67,-0.7989110298167507
24.68,-0.7867230704164957
24.69,-0.7742204322775708
24.7,-0.7614081162885409
24.71,-0.7482912472049638
24.72,-0.7348750715995931
24.73,-0.7211649557637813
24.740000000000002,-0.7071663835610684
24.75,-0.6928849542336957
24.76,-0.6783263801629672
24.77,-0.6634964845844098
24.78,-0.6484011992585152
24.79,-0.6330465620981568
24.8,-0.6174387147534618
24.810000000000002,-0.6015839001552719
24.82,-0.5854884600180371
24.830000000000002,-0.5691588323031982
24.84,-0.5526015486441271
24.85,-0.5358232317335149
24.86,-0.5188305926744297
24.87,-0.5016304282959176
24.88,-0.48422961843441
24.89,-0.46663512318183115
24.900000000000002,-0.4488539801016982
24.91,-0.43089330141417087
24.92,-0.4127602711512389
24.93,-0.39446214228324983
24.94,-0.37600623381776604
24.95,-0.3573999278721113
24.96,-0.3386506667205699
24.97,-0.31976594981762907
24.98,-0.30075333079824357
24.990000000000002,-0.2816204144565297
25.0,-0.26237485370392877
25.01,-0.2430243465081242
25.02,-0.2235766328140047
25.03,-0.2040394914477347
25.04,-0.18442073700538283
25.05,-0.1647282167271322
25.060000000000002,-0.14496980735853765
25.07,-0.12515341199991167
25.080000000000002,-0.10528695694516864
25.09,-0.08537838851146196
25.1,-0.06543566986070695
25.11,-0.04546677781447872
25.12,-0.025479699663333223
25.13,-0.005482429972054294
25.14,0.014517032618122469
25.150000000000002,0.03451068858880983
25.16,0.054490540744190956
25.17,0.07444859740981236
25.18,0.09437687562909747
25.19,0.1142674043564796
25.2,0.13411222764565714
25.21,0.15390340783192266
25.22,0.17363302870706648
25.23,0.19329319868581063
25.240000000000002,0.21287605396228873
25.25,0.23237376165548454
25.26,0.2517785229423006
25.27,0.271082576176935
25.28,0.29027819999549165
25.29,0.30935771640436777
25.3,0.3283134938514034
25.310000000000002,0.3471379502783533
25.32,0.36582355615362955
25.330000000000002,0.3843628374840333
25.34,0.4027483788042064
25.35,0.42097282614277115
25.36,0.4390288899637685
25.37,0.45690934808242717
25.38,0.47460704855389
25.39,0.4921149125339472
25.400000000000002,0.5094259371104354
25.41,0.5265331981043285
25.42,0.5434298528393351
25.43,0.5601091428788347
25.44,0.576564396729211
25.45,0.5927890325083126
25.46,0.6087765605781651
25.47,0.6245205861406932
25.48,0.6400148117956006
25.490000000000002,0.6552530400592068
25.5,0.6702291758433747
25.51,0.6849372288934804
25.52,0.6993713161843982
25.53,0.7135256642736738
25.54,0.7273946116107837
25.55,0.7409726108017196
25.560000000000002,0.7542542308278378
25.57,0.7672341592182094
25.580000000000002,0.7799072041745505
25.59,0.7922682966478415
25.6,0.8043124923659141
25.61,0.8160349738110597
25.62,0.8274310521470063
25.63,0.838496169094357
25.64,0.8492258987538737
25.650000000000002,0.8596159493767497
25.66,0.8696621650812647
25.67,0.8793605275150915
25.68,0.8887071574625597
25.69,0.8976983163963169
25.7,0.9063304079726637
25.71,0.9145999794700689
25.72,0.9225037231701868
25.73,0.9300384776809252
25.740000000000002,0.9372012292009387
25.75,0.9439891127251193
25.76,0.9503994131905658
25.77,0.9564295665625571
25.78,0.9620771608601496
25.79,0.9673399371209206
25.8,0.972215790304539
25.810000000000002,0.9767027701347397
25.82,0.980799081879415
25.830000000000002,0.9845030870684867
25.84,0.9878133041492626
25.85,0.9907284090790484
25.86,0.9932472358547374
25.87,0.9953687769792054
25.88,0.9970921838642879
25.89,0.9984167671702102
25.900000000000002,0.9993419970813106
25.91,0.9998675035179604
25.92,0.9999930762845921
25.93,0.9997186651537733
25.94,0.9990443798862972
25.95,0.9979704901872812
25.96,0.9964974255982856
25.97,0.9946257753255064
25.98,0.9923562880040966
25.990000000000002,0.9896898713987257
26.0,0.9866275920404853
26.01,0.9831706748002867
26.02,0.979320502398937
26.03,0.9750786148540589
26.04,0.9704467088641155
26.05,0.9654266371297417
26.060000000000002,0.9600204076126995
26.07,0.9542301827327156
26.080000000000002,0.948058278502536
26.09,0.9415071636015662
26.1,0.9345794583884147
26.11,0.9272779338528039
26.12,0.9196055105071901
26.13,0.9115652572186196
26.14,0.9031603899812002
26.150000000000002,0.8943942706297661
26.16,0.8852704054951812
26.17,0.875792444001843
26.18,0.8659641772079844
26.19,0.8557895362892741
26.2,0.8452725909664269
26.21,0.8344175478773402
26.22,0.8232287488945255
26.23,0.811710669388386
26.240000000000002,0.7998679164371555
26.25,0.7877052269841179
26.26,0.7752274659428786
26.27,0.762439624251495
26.28,0.7493468168761324
26.29,0.7359542807651817
26.3,0.722267372754513
26.310000000000002,0.7082915674248457
26.32,0.6940324549119751
26.330000000000002,0.6794957386707773
26.34,0.6646872331939387
26.35,0.6496128616861957
26.36,0.6342786536951729
26.37,0.6186907426996024
26.38,0.6028553636560576
26.39,0.5867788505050092
26.400000000000002,0.5704676336373723
26.41,0.55392823732242
26.42,0.5371672770981442
26.43,0.52019145712517
26.44,0.5030075675051333
26.45,0.48562248156477883
26.46,0.4680431531066723
26.47,0.4502766136278216
26.48,0.4323299695071216
26.490000000000002,0.4142103991629414
26.5,0.39592515018183416
26.51,0.3774815364195793
26.52,0.3588869350757833
26.53,0.3401487837430456
26.54,0.32127457743207405
26.55,0.3022718655737269
26.560000000000002,0.28314824899938795
26.57,0.26391137690071576
26.580000000000002,0.24456894377004787
26.59,0.22512868632275462
26.6,0.20559838040260117
26.61,0.1859858378715688
26.62,0.16629890348515894
26.63,0.14654545175465117
26.64,0.12673338379734783
26.650000000000002,0.10687062417628145
26.66,0.08696511773047426
26.67,0.06702482639708728
26.68,0.047057726026800965
26.69,0.027071803193524823
26.7,0.007075051999930937
26.71,-0.012924529120137255
26.72,-0.032918940600875045
26.73,-0.052900184944292945
26.740000000000002,-0.07286026991905951
26.75,-0.09279121175730869
26.76,-0.11268503834806168
26.77,-0.13253379242591554
26.78,-0.15232953475389974
26.79,-0.1720643472990087
26.8,-0.19173033639936585
26.810000000000002,-0.21131963592153358
26.82,-0.23082441040688334
26.830000000000002,-0.250236858205695
26.84,-0.2695492145976645
26.85,-0.2887537548977434
26.86,-0.30784279754585514
26.87,-0.3268087071794712
26.88,-0.3456438976876001
26.89,-0.36434083524518446
26.900000000000002,-0.38289204132648375
26.91,-0.40129009569640506
26.92,-0.41952763937851756
26.93,-0.4375973775984995
26.94,-0.45549208270200237
26.95,-0.47320459704556483
26.96,-0.4907278358596259
26.97,-0.5080547900822875
26.98,-0.5251785291628959
26.990000000000002,-0.542092203834126
27.0,-0.5587890488516163
27.01,-0.575262385699993
27.02,-0.591505625264147
27.03,-0.6075122704648374
27.04,-0.6232759188573919
27.05,-0.6387902651926438
27.060000000000002,-0.6540491039389085
27.07,-0.6690463317641308
27.080000000000002,-0.6837759499771514
27.09,-0.6982320669270672
27.1,-0.712408900359854
27.11,-0.7263007797311506
27.12,-0.7399021484744409
27.13,-0.7532075662235671
27.14,-0.7662117109888422
27.150000000000002,-0.7789093812857416
27.16,-0.7912954982154422
27.17,-0.803365107496327
27.18,-0.815113381445601
27.19,-0.8265356209103343
27.2,-0.8376272571470276
27.21,-0.8483838536490804
27.22,-0.8588011079213037
27.23,-0.868874853200891
27.240000000000002,-0.8786010601240414
27.25,-0.8879758383376634
27.26,-0.8969954380554735
27.27,-0.9056562515578381
27.28,-0.9139548146348383
27.29,-0.9218878079718833
27.3,-0.929452058477416
27.310000000000002,-0.9366445405520863
27.32,-0.9434623772989609
27.330000000000002,-0.9499028416742488
27.34,-0.9559633575780672
27.35,-0.9616415008848646
27.36,-0.9669350004130217
27.37,-0.9718417388333104
27.38,-0.9763597535157811
27.39,-0.9804872373148035
27.400000000000002,-0.9842225392918887
27.41,-0.9875641653760482
27.42,-0.990510778961405
27.43,-0.9930612014418106
27.44,-0.9952144126822798
27.45,-0.996969551427024
27.46,-0.998325915643948
27.47,-0.9992829628054489
27.48,-0.999840310105423
27.490000000000002,-0.9999977346123812
27.5,-0.9997551733586199
27.51,-0.9991127233654061
27.52,-0.9980706416041719
27.53,-0.9966293448937268
27.54,-0.9947894097335388
27.55,-0.9925515720731387
27.560000000000002,-0.9899167270177537
27.57,-0.9868859284702762
27.580000000000002,-0.9834603887097132
27.59,-0.979641477906298
27.6,-0.975430723573431
27.61,-0.9708298099567059
27.62,-0.9658405773602211
27.63,-0.9604650214104968
27.64,-0.954705292258236
27.650000000000002,-0.9485636937183058
27.66,-0.942042682348238
27.67,-0.9351448664656301
27.68,-0.9278730051048704
27.69,-0.9202300069135413
27.7,-0.9122189289890194
27.71,-0.9038429756556557
27.72,-0.8951054971831119
27.73,-0.8860099884462727
27.740000000000002,-0.8765600875273637
27.75,-0.8667595742607592
27.76,-0.8566123687210871
27.77,-0.8461225296552763
27.78,-0.8352942528590829
27.79,-0.824131869498858
27.8,-0.812639844379108
27.810000000000002,-0.8008227741566596
27.82,-0.7886853855020475
27.830000000000002,-0.7762325332088951
27.84,-0.7634691982520927
27.85,-0.7504004857954386
27.86,-0.7370316231496774
27.87,-0.7233679576816088
27.88,-0.70941495467525
27.89,-0.6951781951457561
27.900000000000002,-0.6806633736071227
27.91,-0.6658762957944424
27.92,-0.6508228763416712
27.93,-0.6355091364158915
27.94,-0.619941201308882
27.95,-0.6041252979871271
27.96,-0.5880677526010682
27.97,-0.5717749879547736
27.98,-0.555253520936856
27.990000000000002,-0.5385099599138452
28.0,-0.5215510020869119
28.01,-0.5043834308130584
28.02,-0.4870141128919086
28.03,-0.4694499958190308
28.04,-0.4516981050070814
28.05,-0.433765540975684
28.060000000000002,-0.4156594765113597
28.07,-0.39738715379848977
28.080000000000002,-0.3789558815225187
28.09,-0.3603730319466229
28.1,-0.3416460379628515
28.11,-0.3227823901191214
28.12,-0.3037896336230448
28.13,-0.2846753653240002
28.14,-0.2654472306744401
28.150000000000002,-0.24611292067185941
28.16,-0.22668016878247874
28.17,-0.20715674784794008
28.18,-0.18755046697632236
28.19,-0.16786916841854668
28.2,-0.14812072443163635
28.21,-0.12831303412986297
28.22,-0.10845402032526236
28.23,-0.0885516263585589
28.240000000000002,-0.06861381292198461
28.25,-0.04864855487508726
28.26,-0.02866383805487153
28.27,-0.008667656081620364
28.28,0.011331992838503346
28.29,0.031327109112575774
28.3,0.051309694960699495
28.310000000000002,0.07127175761495907
28.32,0.09120531251644301
28.330000000000002,0.11110238650898208
28.34,0.13095502102825587
28.35,0.1507552752851691
28.36,0.17049522944200476
28.37,0.19016698778031005
28.38,0.20976268185902228
28.39,0.2292744736617963
28.400000000000002,0.2486945587320578
28.41,0.2680151692947028
28.42,0.2872285773631248
28.43,0.306327097830258
28.44,0.3253030915425727
28.45,0.3441489683555804
28.46,0.3628571901698443
28.47,0.381420273946065
28.48,0.3998307946982496
28.490000000000002,0.41808138846356113
28.5,0.43616475524782494
28.51,0.45407366194544857
28.52,0.4718009452325225
28.53,0.48933951443210505
28.54,0.5066823543503484
28.55,0.5238225280825324
28.560000000000002,0.5407531797876907
28.57,0.5574675374308741
28.580000000000002,0.5739589154918925
28.59,0.5902207176393918
28.6,0.6062464393693456
28.61,0.6220296706067243
28.62,0.6375640982694842
28.63,0.6528435087936721
28.64,0.667861790618812
28.650000000000002,0.6826129366324095
28.66,0.6970910465727334
28.67,0.7112903293888565
28.68,0.7252051055569637
28.69,0.7388298093521255
28.7,0.7521589910744745
28.71,0.7651873192290511
28.72,0.7779095826582934
28.73,0.790320692626466
28.740000000000002,0.8024156848550568
28.75,0.8141897215084345
28.76,0.8256380931289311
28.77,0.8367562205205333
28.78,0.8475396565805321
28.79,0.857984088078273
28.8,0.8680853373804216
28.810000000000002,0.8778393641219346
28.82,0.8872422668221643
28.830000000000002,0.8962902844454077
28.84,0.9049797979052475
28.85,0.9133073315121647
28.86,0.9212695543637428
28.87,0.9288632816770086
28.88,0.9360854760622794
28.89,0.9429332487381012
28.900000000000002,0.9494038606867033
28.91,0.9554947237495779
28.92,0.9612034016627146
28.93,0.9665276110310587
28.94,0.9714652222418552
28.95,0.9760142603164502
28.96,0.9801729057002702
28.97,0.9839394949906064
28.98,0.987312521601966
28.990000000000002,0.9902906363686763
29.0,0.9928726480845371
29.01,0.9950575239792905
29.02,0.9968443901317082
29.03,0.9982325318191552
29.04,0.9992213938034636
29.05,0.9998105805530253
29.060000000000002,0.9999998564009956
29.07,0.9997891456395592
29.080000000000002,0.9991785325502112
29.09,0.998168261370046
29.1,0.9967587361940652
29.11,0.9949505208135465
29.12,0.9927443384905319
29.13,0.9901410716685366
29.14,0.9871417616195779
29.150000000000002,0.9837476080276858
29.16,0.9799599685090439
29.17,0.9757803580689556
29.18,0.9712104484958726
29.19,0.9662520676926896
29.2,0.9609071989456205
29.21,0.9551779801308964
29.22,0.9490667028596586
29.23,0.9425758115613286
29.240000000000002,0.935707902505884
29.25,0.9284657227653786
29.26,0.9208521691151423
29.27,0.912870286875128
29.28,0.9045232686918022
29.29,0.8958144532611522
29.3,0.8867473239932281
29.310000000000002,0.8773255076188465
29.32,0.8675527727389384
29.330000000000002,0.8574330283171472
29.34,0.8469703221163207
29.35,0.8361688390794311
29.36,0.8250328996556827
29.37,0.8135669580723601
29.38,0.8017756005532275
29.39,0.7896635434840682
29.400000000000002,0.777235631526222
29.41,0.7644968356787735
29.42,0.751452251290204
29.43,0.7381070960203528
29.44,0.7244667077533856
29.45,0.7105365424627492
29.46,0.696322172028817
29.47,0.6818292820102502
29.48,0.66706366936981
29.490000000000002,0.6520312401556854
29.5,0.6367380071391379
29.51,0.6211900874094561
29.52,0.6053936999272403
29.53,0.5893551630368563
29.54,0.5730808919392274
29.55,0.5565773961257936
29.560000000000002,0.5398512767748425
29.57,0.5229092241111084
29.580000000000002,0.5057580147297539
29.59,0.4884045088858639
29.6,0.4708556477503867
29.61,0.4531184506338072
29.62,0.4352000121784666
29.63,0.41710749952085047
29.64,0.39884814942477875
29.650000000000002,0.3804292653868415
29.66,0.3618582147150787
29.67,0.34314242558213504
29.68,0.3242893840541366
29.69,0.30530663109631057
29.7,0.2862017595567536
29.71,0.2669824111293397
29.72,0.24765627329719891
29.73,0.22823107625777203
29.740000000000002,0.20871458983088242
29.75,0.18911462035089152
29.76,0.16943900754424793
29.77,0.14969562139375028
29.78,0.12989235899060314
29.79,0.1100371413757418
29.8,0.09013791037146546
29.810000000000002,0.07020262540486329
29.82,0.05023926032412878
29.830000000000002,0.03025580020910541
29.84,0.010260238177410782
29.85,-0.00973942781276056
29.86,-0.029735198161657
29.87,-0.049719074827759904
29.88,-0.06968306452683676
29.89,-0.08961918192920512
29.900000000000002,-0.10951945285370827
29.91,-0.12937591745730279
29.92,-0.14918063341891066
29.93,-0.16892567911619252
29.94,-0.1886031567941473
29.95,-0.20820519572405266
29.96,-0.2277239553517076
29.97,-0.24715162843349386
29.98,-0.2664804441592247
29.990000000000002,-0.2857026712603171
30.0,-0.3048106211022167
30.01,-0.3237966507597696
30.02,-0.342653166074243
30.03,-0.36137262469094134
30.04,-0.3799475390759941
30.05,-0.3983704795113227
30.060000000000002,-0.4166340770663823
30.07,-0.4347310265456558
30.080000000000002,-0.45265408941065394
30.09,-0.4703960966751888
30.1,-0.4879499517729242
30.11,-0.5053086333958569
30.12,-0.5224651983027959
30.13,-0.5394127840965176
30.14,-0.5561446119686813
30.150000000000002,-0.5726539894112199
30.16,-0.588934312893273
30.17,-0.6049790705025274
30.18,-0.6207818445498552
30.19,-0.6363363141363495
30.2,-0.6516362576815548
30.21,-0.6666755554120605
30.22,-0.6814481918092851
30.23,-0.6959482580156457
30.240000000000002,-0.7101699541979865
30.25,-0.7241075918674496
30.26,-0.7377555961548098
30.27,-0.7511085080403134
30.28,-0.7641609865372521
30.29,-0.7769078108282487
30.3,-0.7893438823535511
30.310000000000002,-0.8014642268503568
30.32,-0.8132639963424653
30.330000000000002,-0.8247384710794163
30.34,-0.835883061424298
30.35,-0.8466933096895727
30.36,-0.8571648919200614
30.37,-0.8672936196224986
30.38,-0.877075441440844
30.39,-0.8865064447767999
30.400000000000002,-0.8955828573547732
30.41,-0.904301048730747
30.42,-0.9126575317444181
30.43,-0.9206489639139934
30.44,-0.9282721487731618
30.45,-0.9355240371496152
30.46,-0.9424017283846988
30.47,-0.948902471493615
30.48,-0.9550236662658003
30.490000000000002,-0.9607628643049582
30.5,-0.9661177700083929
30.51,-0.9710862414852247
30.52,-0.9756662914131046
30.53,-0.9798560878331312
30.54,-0.9836539548825969
30.55,-0.987058373465322
30.560000000000002,-0.9900679818592636
30.57,-0.992681576261191
30.580000000000002,-0.9948981112681927
30.59,-0.9967167002958177
30.6,-0.9981366159327038
30.61,-0.999157290231527
30.62,-0.9997783149361776
30.63,-0.9999994416450534
30.64,-0.9998205819104193
30.650000000000002,-0.9992418072737843
30.66,-0.9982633492372864
30.67,-0.9968855991710939
30.68,-0.9951091081568642
30.69,-0.9929345867673156
30.7,-0.9903629047820123
30.71,-0.9873950908394578
30.72,-0.984032332025661
30.73,-0.9802759733993089
30.740000000000002,-0.976127517453769
30.75,-0.9715886235161092
30.76,-0.9666611070833835
30.77,-0.9613469390964692
30.78,-0.9556482451517027
30.79,-0.9495673046506843
30.8,-0.9431065498885319
30.810000000000002,-0.9362685650810104
30.82,-0.9290560853308735
30.830000000000002,-0.9214719955338508
30.84,-0.913519329224747
30.85,-0.9052012673640456
30.86,-0.8965211370655909
30.87,-0.8874824102657627
30.88,-0.8780887023347724
30.89,-0.8683437706305381
30.900000000000002,-0.8582515129958141
30.91,-0.8478159661990964
30.92,-0.8370413043199574
30.93,-0.8259318370794962
30.94,-0.814492008116477
30.95,-0.802726393209964
30.96,-0.7906396984490385
30.970000000000002,-0.7782367583504555
30.98,-0.7655225339248884
30.990000000000002,-0.752502110692578
31.0,-0.7391806966492228
31.01,-0.7255636201828145
31.02,-0.7116563279423905
31.03,-0.6974643826594091
31.04,-0.6829934609227701
31.05,-0.668249350908215
31.060000000000002,-0.653237950063169
31.07,-0.6379652627478264
31.080000000000002,-0.6224373978334692
31.09,-0.6066605662590389
31.1,-0.5906410785467989
31.11,-0.5743853422782554
31.12,-0.5578998595311639
31.13,-0.5411912242788316
31.14,-0.5242661197525684
31.150000000000002,-0.5071313157685259
31.16,-0.48979366601984287
31.17,-0.4722601053352408
31.18,-0.45453764690522835
31.19,-0.4366333794768687
31.2,-0.41855446451842543
31.21,-0.40030813335482013
31.220000000000002,-0.38190168427524346
31.23,-0.36334247961391786
31.240000000000002,-0.34463794280524185
31.25,-0.32579555541456173
31.26,-0.3068228541455919
31.27,-0.28772742782588745
31.28,-0.2685169143713604
31.29,-0.24919899773126938
31.3,-0.22978140481468803
31.310000000000002,-0.210271902399892
31.32,-0.19067829402773093
31.330000000000002,-0.17100841688029517
31.34,-0.1512701386461961
31.35,-0.13147135437353982
31.36,-0.1116199833120692
31.37,-0.09172396574551328
31.38,-0.07179125981563614
31.39,-0.051829838339029696
31.400000000000002,-0.03184768561814293
31.41,-0.011852794247646164
